entity_id,fecha,KPI03_pico_kw,KPI03_hora_pico,KPI05_CO2_tCO2e,KPI08_LF,KPI09_f4_pct,KPI10_desbalance_pct,KPI11_fp,KPI12_thd_v_pct
SmartMeter_SM_B10_ARQ,2026-02-10,21044.316000000003,9.0,0.029602000215520057,0.6161938064680055,15.908001119389892,0.5900179384633555,0.9483333333333333,2.4873685416666667
SmartMeter_SM_B10_ARQ,2026-02-11,39388.084,14.0,0.044054214145412725,0.49622054021497514,13.595406089876505,0.6733162906341628,0.9254747329059829,2.3516244925213674
SmartMeter_SM_B10_ARQ,2026-02-12,29041.24,7.0,0.04306860925359324,0.658579893388008,33.28436598191306,0.5891770578240783,0.9329819444444444,2.4354717361111113
SmartMeter_SM_B10_ARQ,2026-02-13,33282.40833333333,15.0,0.028455363877119985,0.37520795833334375,16.156403858478328,0.5042261904241331,0.9369881944444445,2.2994174305555557
SmartMeter_SM_B10_ARQ,2026-02-14,10266.029166666667,8.0,0.014544369711126671,0.6271687033867497,24.674588727355307,0.3951512670149406,0.9221604166666667,1.7489172222222222
SmartMeter_SM_B10_ARQ,2026-02-15,4592.766666666666,18.0,0.008268149997300923,0.8186406817820124,33.761704557031045,0.3462780709597542,0.8879418478260869,1.301096560990338
SmartMeter_SM_B10_ARQ,2026-02-16,21238.354166666668,16.0,0.029070050521520056,0.5974050311232658,12.739769541433896,0.5381577505889946,0.9525513888888889,2.3766275
SmartMeter_SM_B10_ARQ,2026-02-17,19179.4,13.0,0.027890121486239972,0.6362348662135183,15.67154484079036,0.55987263106872,0.9410180555555555,2.4079190277777776
SmartMeter_SM_B10_ARQ,2026-02-18,21311.80833333333,15.0,0.02922428993476765,0.6002278572538201,15.890348340620505,0.599789437992314,0.948770350241546,2.485435727657005
SmartMeter_SM_B10_ARQ,2026-02-19,38951.84166666667,9.0,0.03693446542672028,0.4155692666934947,11.964463045647172,0.5630308143636719,0.9456590277777778,2.4741881944444444
SmartMeter_SM_B10_ARQ,2026-02-20,34898.270833333336,15.0,0.03216475008911998,0.40205556984974783,13.073998720613398,0.6583412912504013,0.9466368055555555,2.252222291666667
SmartMeter_SM_B10_ARQ,2026-02-21,30708.916666666668,10.0,0.03579112058566715,0.5068540000597004,11.303458411283499,0.8658564767848408,0.9103590277777779,1.5721506249999997
SmartMeter_SM_B10_ARQ,2026-02-22,24352.329166666663,13.0,0.028466991161027102,0.5109629623039138,12.563552597801364,0.6590876162317846,0.9153291666666666,2.4284805555555558
SmartMeter_SM_B10_ARQ,2026-02-23,31574.18,10.0,0.03042504109975334,0.42177762063460994,14.436563956267474,0.6749016214307737,0.9607666666666667,2.412941388888889
SmartMeter_SM_B10_ARQ,2026-02-24,19389.38,12.0,0.027656537068719917,0.6315798369175979,15.990638520112427,0.6361433438102551,0.9624958333333332,2.490394236111111
SmartMeter_SM_B10_ARQ,2026-02-25,25186.972,18.0,0.03117887613404716,0.5409373547143517,13.378709535883605,0.8272077729846495,0.9540986111111112,2.491990972222222
SmartMeter_SM_B10_ARQ,2026-02-26,23012.49583333333,16.0,0.03083693231232725,0.5877218059729266,14.132145599662008,0.6016351404139554,0.9578840277777777,2.510358263888889
SmartMeter_SM_B10_ARQ,2026-02-27,36297.26,14.0,0.03352573377854592,0.40306006412706397,13.717618545694021,0.6774980676619847,0.9445457125603864,2.2396698580917875
SmartMeter_SM_B10_ARQ,2026-02-28,30160.468,14.0,0.037340607676006686,0.5400947879669654,10.716268288043155,0.8356605808949387,0.9019138888888888,1.6606697222222222
SmartMeter_SM_B10_ARQ,2026-03-01,25334.548,17.0,0.032485977446391576,0.5587092297069479,10.622148752476479,0.8941024889114946,0.8932618357487924,1.318378280611297
SmartMeter_SM_B10_ARQ,2026-03-02,35440.98,11.0,0.03354473517640412,0.4138807863701217,12.967222947403853,0.7302305504460215,0.9504152700259865,2.304952031922315
SmartMeter_SM_B10_ARQ,2026-03-03,19900.32268907563,9.0,0.02980564980626675,0.657270307616223,17.090110100797588,0.5998344670607249,0.964072868840118,2.6495483569110765
SmartMeter_SM_B10_ARQ,2026-03-04,29203.75294117647,10.0,0.030384543954754404,0.45624101372425824,13.720841262505601,0.773379355438863,0.9548408298419573,2.5596829679795494
SmartMeter_SM_B10_ARQ,2026-03-05,23285.51982758621,16.0,0.03241690076773595,0.6100759895075983,13.363368482006285,0.6472136221539632,0.9605817243811968,2.9586095314845218
SmartMeter_SM_B10_ARQ,2026-03-06,34437.59322033898,14.0,0.03116371128513906,0.3963436686992338,14.671737794161203,0.6764378442343523,0.9433471009505155,2.510645990894639
SmartMeter_SM_B10_ARQ,2026-03-07,29046.217647058824,11.0,0.023330727928460266,0.3526500511327659,16.357746104678224,0.860314352164035,0.8864271533118897,1.7017206124681514
SmartMeter_SM_B10_ARQ,2026-03-08,5433.915966386555,6.0,0.010130030057291095,0.8444865234273459,33.03727637489281,0.8278785846958959,0.8827965063611086,1.4444020950678054
SmartMeter_SM_B10_ARQ,2026-03-09,20584.862711864404,16.0,0.028916818389533132,0.6154103105371432,14.76916173869327,0.6526517774857234,0.9606373101604978,2.6217165703598284
SmartMeter_SM_B10_ARQ,2026-03-10,18897.42118644068,16.0,0.028159457979907036,0.6568903723501734,16.377424452132495,0.6904366976631247,0.9615941964601578,2.7882318542112947
SmartMeter_SM_B10_ARQ,2026-03-11,39137.30084033613,16.0,0.03700545770392477,0.4142920473148049,13.3468652606661,0.7120181727164043,0.9630143897578926,2.762838189878195
SmartMeter_SM_B10_ARQ,2026-03-12,20577.40425531915,17.0,0.023930782591044492,0.7067345326178629,19.860800411258026,0.681031476124214,0.971133522904911,2.8249691323751693
SmartMeter_SM_B12_DERE,2026-02-10,17396.412,16.0,0.02201240625856017,0.5494150220938279,12.857287798418001,0.3070194917621241,0.7331069444444444,1.8219
SmartMeter_SM_B12_DERE,2026-02-11,16393.576,8.0,0.01921550420123147,0.5087939187866138,10.067527120248812,0.33526291934645985,0.6928554649758455,1.6891191394927538
SmartMeter_SM_B12_DERE,2026-02-12,18527.1,14.0,0.021994627386667145,0.5145582841002388,9.659820325829726,0.3100655725316754,0.7340150883838383,1.8027602083333332
SmartMeter_SM_B12_DERE,2026-02-13,20553.416666666668,18.0,0.024432193317899708,0.5178748498154537,11.225174129294572,0.3255181430739436,0.7689333333333334,1.8521829861111112
SmartMeter_SM_B12_DERE,2026-02-14,17979.203999999998,9.0,0.0208091761993117,0.5040184048756827,15.317770843316437,0.3283830356542376,0.7298992552334944,1.7492379750402576
SmartMeter_SM_B12_DERE,2026-02-15,5808.624,19.0,0.008353713124222246,0.6439485639513477,27.067738665632813,0.31626250974678644,0.5253938103864734,1.3231929710144927
SmartMeter_SM_B12_DERE,2026-02-16,18121.366666666665,16.0,0.023070359325141437,0.5561092380315821,13.489282417162606,0.3155352305046044,0.7498726641414141,1.6784560606060606
SmartMeter_SM_B12_DERE,2026-02-17,18843.479166666668,16.0,0.023659795182879653,0.547991086660173,11.746846491316361,0.2879482448143477,0.7458576388888889,1.8396067361111113
SmartMeter_SM_B12_DERE,2026-02-18,19311.616,16.0,0.023125169704319888,0.5232281363995368,11.942251175627783,0.28636280809712655,0.7462731884057971,1.8139434118357487
SmartMeter_SM_B12_DERE,2026-02-19,15236.779166666667,14.0,0.021279372206859593,0.6080846067733948,13.152190033956396,0.31765629179366334,0.735836111111111,1.6849935416666666
SmartMeter_SM_B12_DERE,2026-02-20,20946.212,16.0,0.024507825640160463,0.5083177194653514,11.324093729524357,0.2984232125206857,0.7663208333333333,1.7865606944444445
SmartMeter_SM_B12_DERE,2026-02-21,17468.703999999998,9.0,0.018483399469486628,0.4613653039490254,17.448125343372805,0.35052028955691056,0.7036791666666667,1.514267361111111
SmartMeter_SM_B12_DERE,2026-02-22,7262.988,10.0,0.0077788789855,0.47526162457480897,25.553521930412604,0.14580110682567532,0.49479368961352654,2.5365183212560387
SmartMeter_SM_B12_DERE,2026-02-23,17973.2,16.0,0.020676075152267437,0.5005091573843278,11.656311840390247,0.34068288159975973,0.7290437500000001,1.7094269444444443
SmartMeter_SM_B12_DERE,2026-02-24,16655.088,14.0,0.021504676138080228,0.5609146915711951,13.12313968961564,0.2875647679242391,0.7353194444444444,1.788364027777778
SmartMeter_SM_B12_DERE,2026-02-25,16234.223999999998,10.0,0.02114492207531279,0.5676093111311565,12.881439407081926,0.31568016449455133,0.7505583333333333,1.8048908333333333
SmartMeter_SM_B12_DERE,2026-02-26,19118.6375,16.0,0.024273810462720636,0.5527255843065874,12.335168565526132,0.31684879728116644,0.7754666666666666,1.7133233333333333
SmartMeter_SM_B12_DERE,2026-02-27,17397.416,18.0,0.023831824913334295,0.5974504653290019,13.239883028244549,0.32709229246817545,0.7718527777777778,1.7319331944444443
SmartMeter_SM_B12_DERE,2026-02-28,16911.908,9.0,0.018733477607854876,0.48437544927680665,14.680657677361546,0.31180335445428686,0.7010044987922704,1.624559519927536
SmartMeter_SM_B12_DERE,2026-03-01,5104.544,19.0,0.007120981494080232,0.6245303272382846,27.056116632255968,0.3167185257533623,0.4800729166666667,1.289834375
SmartMeter_SM_B12_DERE,2026-03-02,17146.244,12.0,0.021718354164069465,0.5502713268171853,12.023669448511328,0.31452422237889627,0.7386940385702191,1.5672262555797172
SmartMeter_SM_B12_DERE,2026-03-03,18490.052136752136,8.0,0.023390437636524864,0.5493460081569158,11.59278208836471,0.30827134723144106,0.7596381624102367,1.9078864324946858
SmartMeter_SM_B12_DERE,2026-03-04,17651.102542372882,8.0,0.02319138951437499,0.5714506114256933,11.724087917060352,0.3003961487425322,0.7604225344541895,1.9476818114023144
SmartMeter_SM_B12_DERE,2026-03-05,18032.554237288132,14.0,0.024254005822677106,0.5856974999377869,13.053394593697886,0.3035019710367688,0.7765428929050943,2.15277999016986
SmartMeter_SM_B12_DERE,2026-03-06,17616.8093220339,16.0,0.024349293523008513,0.6029364342821907,12.262138270910409,0.32219877403046543,0.775939388817927,2.0472030446753173
SmartMeter_SM_B12_DERE,2026-03-07,18641.99743589744,9.0,0.020253929935246776,0.4737528142595747,15.486968331113449,0.30244832189639975,0.7219196304721409,1.7328489698520315
SmartMeter_SM_B12_DERE,2026-03-08,5635.8689075630255,19.0,0.00682159721250217,0.5399782221275068,25.776963612997022,0.32670888904157835,0.45543678745011557,1.4878650701983984
SmartMeter_SM_B12_DERE,2026-03-09,15872.508403361344,9.0,0.02051918951424849,0.5629584253230356,11.955612411720955,0.31900146445601874,0.7197832853925892,1.9142731129584813
SmartMeter_SM_B12_DERE,2026-03-10,16862.99243697479,10.0,0.023818487757834107,0.6144440557512296,12.11987710703879,0.3036518516741798,0.7621557438491927,2.0988241012146807
SmartMeter_SM_B12_DERE,2026-03-11,17376.404201680674,10.0,0.02220270558472036,0.5560522785285866,12.915814602716802,0.307889380127285,0.7530691380696366,2.038774544726477
SmartMeter_SM_B12_DERE,2026-03-12,17766.808403361345,14.0,0.017959578641254248,0.6094522485474075,14.562519930268767,0.30596106210885454,0.7738713411189202,2.082081617547484
SmartMeter_SM_B15_BIBL,2026-02-10,,,,,,,,
SmartMeter_SM_B15_BIBL,2026-02-11,,,,,,,,
SmartMeter_SM_B15_BIBL,2026-02-12,,,,,,,,
SmartMeter_SM_B15_BIBL,2026-02-13,,,,,,,,
SmartMeter_SM_B15_BIBL,2026-02-14,,,,,,,,
SmartMeter_SM_B15_BIBL,2026-02-15,,,,,,,,
SmartMeter_SM_B15_BIBL,2026-02-16,,,,,,,,
SmartMeter_SM_B15_BIBL,2026-02-17,,,,,,,,
SmartMeter_SM_B15_BIBL,2026-02-18,,,,,,,,
SmartMeter_SM_B15_BIBL,2026-02-19,,,,,,,,
SmartMeter_SM_B15_BIBL,2026-02-20,,,,,,,,
SmartMeter_SM_B15_BIBL,2026-02-21,,,,,,,,
SmartMeter_SM_B15_BIBL,2026-02-22,,,,,,,,
SmartMeter_SM_B15_BIBL,2026-02-23,,,,,,,,
SmartMeter_SM_B15_BIBL,2026-02-24,,,,,,,,
SmartMeter_SM_B15_BIBL,2026-02-25,,,,,,,,
SmartMeter_SM_B15_BIBL,2026-02-26,,,,,,,,
SmartMeter_SM_B15_BIBL,2026-02-27,,,,,,,,
SmartMeter_SM_B15_BIBL,2026-02-28,,,,,,,,
SmartMeter_SM_B15_BIBL,2026-03-01,,,,,,,,
SmartMeter_SM_B15_BIBL,2026-03-02,59905.3294117647,15.0,0.022409084208685003,0.5382770994741621,3.7147179825241268,0.325042602187893,0.9843086844257226,1.6353609343342357
SmartMeter_SM_B15_BIBL,2026-03-03,62546.01271186441,14.0,0.08203742783796066,0.5684309510642604,10.339583597473002,0.34954821022755606,0.9854233287448952,1.8826001543889992
SmartMeter_SM_B15_BIBL,2026-03-04,62323.05084745763,15.0,0.08340102344584148,0.5800679937333191,10.852500544673415,0.3407167022864599,0.9867589697037976,1.9495049256064572
SmartMeter_SM_B15_BIBL,2026-03-05,58657.35169491525,15.0,0.07844510351535203,0.5801216015677448,11.231391144823807,0.3282729447666313,0.9869857861722479,2.1029304119786016
SmartMeter_SM_B15_BIBL,2026-03-06,59129.02521008404,10.0,0.08262923774820104,0.6064997879965585,11.517361175553436,0.33312677882089686,0.98744500551653,1.9746293616549506
SmartMeter_SM_B15_BIBL,2026-03-07,43977.57983193277,10.0,0.04321232910757217,0.43031425671353407,17.971164899824092,0.35516787259615984,0.9852885824686167,1.592765448763343
SmartMeter_SM_B15_BIBL,2026-03-08,12885.474789915968,3.0,0.019183819721402783,0.666393410025643,33.47544279442169,0.4060548097686967,0.9833540239341555,1.371061844578895
SmartMeter_SM_B15_BIBL,2026-03-09,55975.18907563025,14.0,0.0755957267786165,0.5859569333302459,11.745439751898951,0.31163910347426677,0.9873774680553161,1.8275919546186004
SmartMeter_SM_B15_BIBL,2026-03-10,60673.104237288135,17.0,0.07973827737871292,0.5702246466770401,10.731123744490395,0.31824472731474845,0.9865610256777076,2.0324338222018636
SmartMeter_SM_B15_BIBL,2026-03-11,60231.472881355934,15.0,0.08185614443404872,0.5894561332488307,11.051776547263016,0.32660156087849496,0.9872812730250417,2.007310820659911
SmartMeter_SM_B15_BIBL,2026-03-12,62686.61367521367,16.0,0.06769900272189915,0.6560936285863271,12.342565073720573,0.28984361775019957,0.9890813670100808,2.125502748843503
SmartMeter_SM_B17_POLI,2026-02-10,14156.008,18.0,0.01506903189805665,0.46610647283706913,18.351163619608307,0.46890500617744957,0.9239631944444445,1.8563082638888888
SmartMeter_SM_B17_POLI,2026-02-11,14288.464,18.0,0.01652321319440007,0.509097848776623,16.66473294705898,0.5001341058694054,0.9229173611111111,1.785401388888889
SmartMeter_SM_B17_POLI,2026-02-12,15704.364,18.0,0.017087081001916606,0.47625389129275003,16.302483092406067,0.4680956584811089,0.9231638888888889,1.8622440277777776
SmartMeter_SM_B17_POLI,2026-02-13,16717.584,17.0,0.02434422855257002,0.6397998292629419,14.637150447405828,0.5018423552388409,0.9234347222222222,1.8986607638888888
SmartMeter_SM_B17_POLI,2026-02-14,15193.223999999998,10.0,0.02057642004133005,0.6034673943207256,16.731210814004875,0.4688014901441235,0.928282175925926,1.6391429861111113
SmartMeter_SM_B17_POLI,2026-02-15,6675.268,2.0,0.013952867619883357,0.9371530601218309,30.7580143488751,0.4233972762038309,0.862929861111111,1.1277848611111112
SmartMeter_SM_B17_POLI,2026-02-16,14911.804166666669,18.0,0.01798857031755665,0.5316154255684278,27.46556340085986,0.4666267251275778,0.9348083333333334,1.7031202083333332
SmartMeter_SM_B17_POLI,2026-02-17,15763.079166666668,18.0,0.020005725077153414,0.5627701876669082,14.327578735583296,0.4586857693859554,0.91963125,1.8121635416666668
SmartMeter_SM_B17_POLI,2026-02-18,15769.164,18.0,0.020321729843,0.5653189199803762,13.114097599862612,0.4521450977332102,0.9180455917874396,1.8060150603864733
SmartMeter_SM_B17_POLI,2026-02-19,14795.654166666667,18.0,0.016562987663859958,0.4874200002046397,16.43726673288388,0.48534165143420394,0.9288965277777778,1.699839375
SmartMeter_SM_B17_POLI,2026-02-20,13965.624,18.0,0.015378948622706543,0.4846875621168092,15.755005568927116,0.45936790080607554,0.9251020833333333,1.7563824999999997
SmartMeter_SM_B17_POLI,2026-02-21,5959.912499999999,12.0,0.009800657299583394,0.7295172305148961,25.2641109032744,0.4147236514388081,0.9353270833333335,1.4415149305555557
SmartMeter_SM_B17_POLI,2026-02-22,2804.76,14.0,0.0055364497234765995,0.8835910227414981,30.190448072205957,0.17921399477167577,0.8748506944444445,2.382160347222222
SmartMeter_SM_B17_POLI,2026-02-23,15186.3875,18.0,0.015998381387666606,0.47392231794939893,18.28534667735214,0.4605918559915958,0.9366458333333334,1.736093125
SmartMeter_SM_B17_POLI,2026-02-24,15207.620833333334,18.0,0.020320781006960064,0.5979244828507967,17.12891356938725,0.45085198140920224,0.9391058876811593,1.874763804347826
SmartMeter_SM_B17_POLI,2026-02-25,14780.536,18.0,0.017058835828183322,0.5075761131997438,15.915361089459168,0.48793868197752294,0.9012527777777778,1.8260861111111109
SmartMeter_SM_B17_POLI,2026-02-26,14983.8875,18.0,0.01671014990225,0.4869873769036537,15.757107852209904,0.5229979270177876,0.8971361111111111,1.6677070833333332
SmartMeter_SM_B17_POLI,2026-02-27,13733.32,18.0,0.017322851558369986,0.5486937381128525,12.276578549115841,0.4766489333717598,0.9215715277777777,1.7542727777777778
SmartMeter_SM_B17_POLI,2026-02-28,5510.564,9.0,0.008112499309606613,0.6515572685078656,21.592168463206026,0.4496603659672637,0.8933215277777777,1.4789685416666665
SmartMeter_SM_B17_POLI,2026-03-01,2752.808,19.0,0.005117458895360138,0.8343838137276556,28.052124535906543,0.49148745372379476,0.8243923611111111,1.0780696527777778
SmartMeter_SM_B17_POLI,2026-03-02,14740.09075630252,18.0,0.01746993490987763,0.517278725195747,14.011155034936094,0.47030872794272605,0.9260429516686974,1.5801728438680944
SmartMeter_SM_B17_POLI,2026-03-03,13926.826890756302,18.0,0.017509034318142658,0.5503909048021252,15.319448331772467,0.48979270107680356,0.9146714548389964,1.9545798024719787
SmartMeter_SM_B17_POLI,2026-03-04,13397.48487394958,18.0,0.017459376007487988,0.5680349026033883,14.962907011655261,0.47164403113740744,0.9185708551892894,1.9850065610275909
SmartMeter_SM_B17_POLI,2026-03-05,13941.020168067223,18.0,0.016734647340313095,0.5257011473821512,15.863046701300965,0.48861018862449085,0.923653652899665,2.202732582232097
SmartMeter_SM_B17_POLI,2026-03-06,14380.149152542372,18.0,0.016613660010643558,0.512049930928401,16.69429599392691,0.5110595964074768,0.9176447177605938,2.1394389450534628
SmartMeter_SM_B17_POLI,2026-03-07,7507.253781512604,11.0,0.010775521262614263,0.6384032015415748,18.410895399205447,0.4137058587641798,0.9289214652618923,1.6527252129092
SmartMeter_SM_B17_POLI,2026-03-08,11164.781512605045,19.0,0.019516254564288158,0.7652803592965226,17.87078215527818,0.4382875627380665,0.939686980742603,1.4516182648819058
SmartMeter_SM_B17_POLI,2026-03-09,14860.79243697479,18.0,0.016576419843533672,0.4961458495252349,17.14729408569213,0.48375492094546396,0.9081360172213319,1.9188672371482463
SmartMeter_SM_B17_POLI,2026-03-10,13284.70168067227,18.0,0.023971434700354458,0.7965749270604372,26.149651470514822,0.4767874193681105,0.9221384507109908,2.0923493468055985
SmartMeter_SM_B17_POLI,2026-03-11,14038.136974789915,19.0,0.015906781434092784,0.4928639595673332,13.75726491925134,0.44741734729684707,0.9262516529450178,2.061321351381393
SmartMeter_SM_B17_POLI,2026-03-12,14297.41914893617,17.0,0.009287264547433779,0.4106391382340593,20.741453561185605,0.4919071646044334,0.9370989782667514,2.153340973767849
SmartMeter_SM_B18_PARQ,2026-02-10,59734.252,18.0,0.07437347878352006,0.5457270037976798,16.97622748836255,0.318251351449966,0.9783930555555557,1.5547591666666662
SmartMeter_SM_B18_PARQ,2026-02-11,56167.756,18.0,0.07640763578591976,0.594059136932189,16.882979948839175,0.25662926041045353,0.9676694444444444,1.4870648611111112
SmartMeter_SM_B18_PARQ,2026-02-12,55534.328,19.0,0.0742846419880683,0.5863809531916907,17.628559645694892,0.2577120181874319,0.9691159722222222,1.5068770833333331
SmartMeter_SM_B18_PARQ,2026-02-13,71505.5,19.0,0.07573085374080087,0.4840405207757912,17.30021452270166,0.29152508129721116,0.9786148358585859,1.5667859722222222
SmartMeter_SM_B18_PARQ,2026-02-14,38640.372,9.0,0.057702634901424486,0.6631727867957693,22.19626031584914,0.352269229493912,0.9785067230273752,1.4138663446054751
SmartMeter_SM_B18_PARQ,2026-02-15,41938.67083333333,18.0,0.04563620826962184,0.48708277904777936,22.017068097898786,0.33913383598665003,0.9509913345410629,0.9801242361111111
SmartMeter_SM_B18_PARQ,2026-02-16,67797.82083333333,18.0,0.0765349922425185,0.49595665440481695,15.600905370402089,0.2820419586876066,0.9745228864734301,1.3420476328502415
SmartMeter_SM_B18_PARQ,2026-02-17,66006.62400000001,19.0,0.09204234261343983,0.6108720740748012,17.736655002876752,0.23104374267940606,0.9737833333333333,1.5718861805555555
SmartMeter_SM_B18_PARQ,2026-02-18,61075.91666666666,19.0,9.695443871939151,0.5893874469978847,4.164501788964369,0.2613754196552219,0.9781147644927536,1.5526817542270532
SmartMeter_SM_B18_PARQ,2026-02-19,64844.552,19.0,0.080564164765472,0.5445182784121085,15.871927549643331,0.3187019058905466,0.9769770833333333,1.3561605555555556
SmartMeter_SM_B18_PARQ,2026-02-20,62815.85416666666,19.0,0.07959962539199202,0.5553937657060437,15.8471438009335,0.2620648859913682,0.9780513888888889,1.4877022222222223
SmartMeter_SM_B18_PARQ,2026-02-21,38440.388000000006,9.0,0.053024117387218336,0.6107858804434196,22.12951226919157,0.3480285762731958,0.9717180555555555,1.1777540277777778
SmartMeter_SM_B18_PARQ,2026-02-22,54060.616,19.0,0.05967028192328236,0.4880483656479648,26.4902237254888,0.1372188134029763,0.9533465277777777,2.1900459722222223
SmartMeter_SM_B18_PARQ,2026-02-23,71389.784,19.0,0.09507407135456668,0.5848294550411053,16.050109227739146,0.27471984563294405,0.9761340277777778,1.465352986111111
SmartMeter_SM_B18_PARQ,2026-02-24,67296.06666666667,18.0,0.08799093302496006,0.5760384439671725,18.664046701251024,0.3130378308015795,0.9773208333333333,1.5023460416666665
SmartMeter_SM_B18_PARQ,2026-02-25,60629.23333333334,19.0,0.09323007076404327,0.6740821368303995,17.93270519374234,0.30589995593185093,0.9758125,1.5290986805555555
SmartMeter_SM_B18_PARQ,2026-02-26,67091.86666666667,18.0,0.08225408858006668,0.5385893946534006,17.163550633546205,0.3160602088984504,0.9778791666666667,1.4221284027777779
SmartMeter_SM_B18_PARQ,2026-02-27,69732.65416666666,19.0,0.0845096168082083,0.5323130614859598,15.060230822512027,0.297446393972264,0.9800159722222221,1.375006736111111
SmartMeter_SM_B18_PARQ,2026-02-28,41754.29166666666,8.0,0.0558543027173234,0.5918203964237123,20.727983379567632,0.3299730413430512,0.9755936594202899,1.3785383393719808
SmartMeter_SM_B18_PARQ,2026-03-01,38699.74583333333,10.0,0.05613361357423997,0.6374348370863907,18.34161991966377,0.367227031623784,0.9703541666666666,0.8817219444444445
SmartMeter_SM_B18_PARQ,2026-03-02,58266.75254237288,20.0,0.07691972628801175,0.5788029370907951,17.043086223280724,0.3468025540142716,0.9754331222107485,1.2090521077214023
SmartMeter_SM_B18_PARQ,2026-03-03,58028.62100840337,18.0,0.0848672472820973,0.6416837028942034,16.346951313980497,0.3265348510808735,0.9809379793103622,1.6703835771181483
SmartMeter_SM_B18_PARQ,2026-03-04,68821.9466101695,18.0,0.08618782411005693,0.5509078690507395,15.07243801326847,0.2788301264738265,0.979905414698381,1.6173396456101923
SmartMeter_SM_B18_PARQ,2026-03-05,56909.81016949152,21.0,0.08060388809113132,0.6212272912728295,17.03658838201837,0.34701206532642576,0.9809024891600892,1.8528663575886692
SmartMeter_SM_B18_PARQ,2026-03-06,57704.60508474577,20.0,0.08511689076946918,0.6457469852737538,18.612890230779577,0.3134419606832198,0.9803882514612825,1.6745137909578667
SmartMeter_SM_B18_PARQ,2026-03-07,40359.68644067797,10.0,0.06202696924694645,0.6760282560074165,18.431412681778276,0.3035012794944893,0.9720686704689175,1.4046294696852246
SmartMeter_SM_B18_PARQ,2026-03-08,26903.344537815126,19.0,0.040725218522503166,0.671733726709971,23.133835633515545,0.35129430891918717,0.9574546359883881,1.1302853439753828
SmartMeter_SM_B18_PARQ,2026-03-09,59592.99237288135,21.0,0.07837032607266438,0.5769115791814141,16.1753967417536,0.32526143206054964,0.9766902757071815,1.5421673319690143
SmartMeter_SM_B18_PARQ,2026-03-10,60684.61880341881,19.0,0.08352329051057003,0.6065168718519321,15.846884904637568,0.31964852804932103,0.9767357218337601,1.7431646354744752
SmartMeter_SM_B18_PARQ,2026-03-11,65127.61428571429,19.0,0.08822436572752512,0.596607810884258,16.349869769281476,0.3204701227994584,0.9800670189277336,1.6820533614990711
SmartMeter_SM_B18_PARQ,2026-03-12,51820.52941176471,9.0,0.06232138877348284,0.7271999716794374,19.453694838096517,0.3340956776003985,0.9789477735929091,1.6952032558788135
SmartMeter_SM_B3_RECT,2026-02-10,10006.156,11.0,0.013122934091839535,0.5693289225041953,11.075216398358439,0.37641802244490136,0.9784687499999999,1.5869222916666665
SmartMeter_SM_B3_RECT,2026-02-11,10961.908,14.0,0.013058341771193893,0.5176115731353013,10.783161727783146,0.36746240614620956,0.97689375,1.5448991666666665
SmartMeter_SM_B3_RECT,2026-02-12,10130.488,14.0,0.012459806360040114,0.5329956368121436,10.273070722439487,0.3299858190578098,0.9733354166666667,1.589381111111111
SmartMeter_SM_B3_RECT,2026-02-13,10249.584,14.0,0.012003129051520059,0.5099545218940919,10.476376455858581,0.3591364464649529,0.9766652777777777,1.5836422222222222
SmartMeter_SM_B3_RECT,2026-02-14,3840.875,11.0,0.005079321119560174,0.5821764879241202,22.991029219691264,0.37676432070321475,0.9696997685185185,1.449277199074074
SmartMeter_SM_B3_RECT,2026-02-15,3406.375,10.0,0.0039030479756103457,0.5080849114786729,25.489898727018616,0.42335179255266725,0.9627099939613526,1.1247066092995168
SmartMeter_SM_B3_RECT,2026-02-16,10513.358333333334,11.0,0.012568110927979166,0.5178773504129615,10.351465834718688,0.36891449919713654,0.9815330917874395,1.4277659571256038
SmartMeter_SM_B3_RECT,2026-02-17,11308.004166666666,13.0,0.012728257106399712,0.48895089429648103,10.141522377410395,0.34849872326725445,0.9849222222222224,1.5804982638888887
SmartMeter_SM_B3_RECT,2026-02-18,11558.932,14.0,0.012963254106,0.4870085700343633,10.322848140579575,0.3390582346190428,0.9811861111111111,1.571689513888889
SmartMeter_SM_B3_RECT,2026-02-19,10204.858333333334,14.0,0.012605766060320201,0.5368415207462458,11.181933496003168,0.40010599151532295,0.9849347222222221,1.4529193749999998
SmartMeter_SM_B3_RECT,2026-02-20,10474.368,14.0,0.01203388763823997,0.4997189355747075,11.403475675022165,0.33275578862989574,0.9800270833333333,1.5280084027777778
SmartMeter_SM_B3_RECT,2026-02-21,5520.616,11.0,0.005859466788666425,0.4660604098447629,20.01233532208784,0.3754062537365634,0.9745909722222222,1.2302672222222222
SmartMeter_SM_B3_RECT,2026-02-22,3146.992,10.0,0.0038416156015267434,0.5443179506370245,26.50125880950029,0.14144998505242204,0.9692451388888889,2.289591597222222
SmartMeter_SM_B3_RECT,2026-02-23,8904.58,8.0,0.011178414930179797,0.5441647163594464,10.824879000337896,0.33886298811327314,0.9793513888888888,1.4558455555555554
SmartMeter_SM_B3_RECT,2026-02-24,8900.729166666666,15.0,0.011119154718813517,0.5420104392196332,11.216275902008174,0.3819370624383091,0.9787958333333334,1.5307365277777778
SmartMeter_SM_B3_RECT,2026-02-25,9649.083333333334,11.0,0.011521494509286773,0.5184345936718225,11.033473408296448,0.3610876975817425,0.9798305555555555,1.5545561111111112
SmartMeter_SM_B3_RECT,2026-02-26,11788.720833333333,14.0,0.013323725778574269,0.4930040502462394,10.965728096340799,0.36463107576351933,0.9808826388888888,1.460137847222222
SmartMeter_SM_B3_RECT,2026-02-27,10211.172,14.0,0.012359762045226598,0.5248100023571133,11.710789948952403,0.3459224004655481,0.9815638888888888,1.4721329166666666
SmartMeter_SM_B3_RECT,2026-02-28,4860.516,10.0,0.005374863172239971,0.4869724579882283,20.075692211720792,0.3741440704244816,0.972204861111111,1.3113922222222223
SmartMeter_SM_B3_RECT,2026-03-01,3166.741666666667,10.0,0.004164439439199855,0.5839839992729386,26.009635545277533,0.41276230203333814,0.9679682367149759,1.0756646256038647
SmartMeter_SM_B3_RECT,2026-03-02,11030.704,12.0,0.013069233464052303,0.5149372913123929,10.784667108159107,0.3974016516263739,0.9804849503214524,1.3283124150654742
SmartMeter_SM_B3_RECT,2026-03-03,12955.88474576271,14.0,0.014111227416996705,0.4727874996467325,10.39966708267917,0.4026585050609974,0.9782382769715562,1.639831702817838
SmartMeter_SM_B3_RECT,2026-03-04,10633.546218487394,14.0,0.013566295620771005,0.5545763119501259,11.179461703896342,0.37709545154779495,0.9800924692439693,1.7213881012217793
SmartMeter_SM_B3_RECT,2026-03-05,11230.937288135594,14.0,0.01372946412642187,0.5314937549656935,11.569576327999172,0.3958733096761459,0.9797844565457762,1.9169131130814376
SmartMeter_SM_B3_RECT,2026-03-06,12209.91512605042,14.0,0.01310267487035404,0.4664685837875094,11.484870128371567,0.4081384154545797,0.9795797469753537,1.8031437329301563
SmartMeter_SM_B3_RECT,2026-03-07,4537.97731092437,10.0,0.005639212165376976,0.5484516252450201,24.410944411658114,0.3735120655474011,0.9674917127115809,1.462030930341884
SmartMeter_SM_B3_RECT,2026-03-08,3151.939830508474,10.0,0.004000190413969988,0.5648728421473431,26.36972900155338,0.41853854650608513,0.9632560935234702,1.3047372523927547
SmartMeter_SM_B3_RECT,2026-03-09,10694.373949579833,14.0,0.012595666714088296,0.5110525599243713,10.715581054520626,0.3773740935398499,0.9797527205931612,1.694891024770597
SmartMeter_SM_B3_RECT,2026-03-10,12992.64705882353,14.0,0.01342027441391502,0.4485470738623258,10.171793719323938,0.38688515399654727,0.9792584051724598,1.8494933138132525
SmartMeter_SM_B3_RECT,2026-03-11,10776.700847457629,12.0,0.013569417678336426,0.5474321454227842,11.071852001626473,0.3724250947180532,0.9804716377933446,1.8211592204196343
SmartMeter_SM_B3_RECT,2026-03-12,12932.146610169491,11.0,0.012748477520595719,0.5872497466304193,11.042603234922431,0.37243885000652033,0.9800733388097426,1.8450446452847364
SmartMeter_SM_B4_PRIM,2026-02-10,59203.2375,10.0,0.06768061831983954,0.5012011736360795,15.656187365808616,0.4621166289140599,0.9644784722222223,1.7944008333333332
SmartMeter_SM_B4_PRIM,2026-02-11,52846.06,8.0,0.061249506275687204,0.5093650612289136,17.367761697288834,0.4905013414818062,0.9638061431623933,1.7295191933760685
SmartMeter_SM_B4_PRIM,2026-02-12,57718.684,11.0,0.06751506745142645,0.5119216548521214,14.534005161814742,0.44042740108239736,0.9616736111111112,1.7953657638888891
SmartMeter_SM_B4_PRIM,2026-02-13,58890.852,11.0,0.0649411637417593,0.4818633069605522,16.810480003115348,0.42715383680117575,0.9597937499999999,1.8036929861111108
SmartMeter_SM_B4_PRIM,2026-02-14,20539.416666666668,8.0,0.035145563783849115,0.7604243705192861,26.31997365636186,0.4929931522281605,0.9542479166666666,1.6033161458333334
SmartMeter_SM_B4_PRIM,2026-02-15,14142.620833333334,3.0,0.021864121585180685,0.7022426326260403,37.24684885022157,0.4744195178683512,0.9163323369565216,1.2038874577294687
SmartMeter_SM_B4_PRIM,2026-02-16,54596.77916666667,11.0,0.062469559157711414,0.5028185899679491,14.549567885690514,0.42649433039973167,0.9629011089152394,1.66339231472332
SmartMeter_SM_B4_PRIM,2026-02-17,53356.6625,7.0,0.06613218775552006,0.5454163706047644,16.32083845033579,0.39940482737729344,0.9669694444444445,1.8014564583333332
SmartMeter_SM_B4_PRIM,2026-02-18,51002.428,7.0,0.0634632135626902,0.5465768341426984,17.09329584641191,0.37645507621329083,0.9693651871980675,1.7802611594202897
SmartMeter_SM_B4_PRIM,2026-02-19,49880.044,8.0,0.06493187329808023,0.5709010190806746,16.228481093077786,0.47284147888468303,0.9660500000000001,1.6699225694444444
SmartMeter_SM_B4_PRIM,2026-02-20,53413.992,12.0,0.06208279614143982,0.5114475504481214,17.16187009691918,0.41863392502162194,0.9638402777777778,1.7322638194444444
SmartMeter_SM_B4_PRIM,2026-02-21,22360.024,9.0,0.036719146264668594,0.7287354049042202,26.401699936184553,0.49788439193156164,0.9554326388888889,1.3559774747474747
SmartMeter_SM_B4_PRIM,2026-02-22,16219.396,1.0,0.028712852236268883,0.7967814147744261,34.45366372418451,0.23447796868633905,0.9390298611111111,2.3882291666666666
SmartMeter_SM_B4_PRIM,2026-02-23,50571.70416666666,8.0,0.06343855025133141,0.5499370092690448,16.770868752014266,0.45858216117382544,0.9705076388888889,1.7092136111111111
SmartMeter_SM_B4_PRIM,2026-02-24,51449.976,12.0,0.06470817630833141,0.5520855385497815,16.068869578252958,0.4689779370969543,0.9694347222222222,1.7944639583333333
SmartMeter_SM_B4_PRIM,2026-02-25,51979.5875,11.0,0.06261432477731949,0.5269664626362544,16.672943503786247,0.4864509652016647,0.9632458333333332,1.793031736111111
SmartMeter_SM_B4_PRIM,2026-02-26,51348.6,11.0,0.06436774143990928,0.5496044235166857,15.131623192965806,0.4965015428096466,0.9670326388888889,1.6694688194444443
SmartMeter_SM_B4_PRIM,2026-02-27,54554.744000000006,11.0,0.0645587559056913,0.5199292882392623,15.728336879918961,0.446305084055336,0.9583032004830918,1.6801137047101449
SmartMeter_SM_B4_PRIM,2026-02-28,28262.325,8.0,0.038083411440309,0.6000298109861018,24.95371210657767,0.46328004811896006,0.9398034722222223,1.4532206944444443
SmartMeter_SM_B4_PRIM,2026-03-01,14915.7,4.0,0.026676326237093654,0.8059224748247419,35.93255025902445,0.46265698310814257,0.9072281400966183,1.1675949702712745
SmartMeter_SM_B4_PRIM,2026-03-02,61013.884000000005,11.0,0.06831787999025977,0.4889700303697877,15.5984450986667,0.4532851401645291,0.9614664213251576,1.5614437469048899
SmartMeter_SM_B4_PRIM,2026-03-03,56705.02796610169,10.0,9.698999858086642,0.5331538985084986,100.01696629666968,0.45729472828726464,0.9659523780889372,1.871683131187859
SmartMeter_SM_B4_PRIM,2026-03-04,52354.44033613446,10.0,0.06472699100778606,0.5433915284458547,17.25658582233728,0.43135760377720594,0.9693474035952357,1.94357316151286
SmartMeter_SM_B4_PRIM,2026-03-05,52016.53445378151,8.0,0.06579742619365686,0.5553564981720523,16.91232095169868,0.43567321840629947,0.9693756162646769,2.1414233415068957
SmartMeter_SM_B4_PRIM,2026-03-06,51894.07394957983,8.0,0.06066920881104588,0.5132136975043283,16.871095138978372,0.47076608673967235,0.9648795130482307,2.029278019762351
SmartMeter_SM_B4_PRIM,2026-03-07,20237.510084033616,8.0,0.0324153987841224,0.7153837838126502,26.827757492382382,0.4594232240733184,0.9463092502337774,1.5724069543866765
SmartMeter_SM_B4_PRIM,2026-03-08,15644.997478991596,21.0,0.025991140841959276,0.7513174375153199,35.1167683441291,0.48506564454087275,0.9422137810135988,1.3762351649384794
SmartMeter_SM_B4_PRIM,2026-03-09,40992.78403361345,8.0,0.050156060556015424,0.5390368774148568,20.81890152817447,0.4073532088708401,0.9516682360050721,1.8582184980561898
SmartMeter_SM_B4_PRIM,2026-03-10,52395.282352941176,8.0,0.0631039841379607,0.5273698181315475,16.027074636558456,0.43560190987684333,0.9569993695149316,2.075350055488425
SmartMeter_SM_B4_PRIM,2026-03-11,51674.24661016949,8.0,0.06254584708563977,0.5303593721329188,16.369772156616015,0.45034054452413064,0.9624014640343779,2.024132644024004
SmartMeter_SM_B4_PRIM,2026-03-12,54814.19579831933,11.0,0.0558805843163509,0.6029671841187828,15.038994699471553,0.41193589283805965,0.9651148494488666,2.09368918998508
SmartMeter_SM_B5_BACH,2026-02-10,68390.66249999999,10.0,0.07840073056660697,0.4984661204054477,11.375855907239064,0.4365652596140664,0.9787437500000001,1.8144049305555556
SmartMeter_SM_B5_BACH,2026-02-11,69932.36666666667,10.0,0.0738525774993596,0.46309785234161954,12.407476827628656,0.4514119000095582,0.9800749999999999,1.7442383333333333
SmartMeter_SM_B5_BACH,2026-02-12,69903.34,11.0,0.07621172078628963,0.4764793276176092,12.136680619122384,0.4218874440981734,0.9825157608695653,1.8198316485507247
SmartMeter_SM_B5_BACH,2026-02-13,68854.11666666667,8.0,0.07565728271358495,0.4800219927980968,12.312631623162588,0.45254064989446136,0.98094586352657,1.8304097886473432
SmartMeter_SM_B5_BACH,2026-02-14,22153.11666666667,8.0,0.03361568209094651,0.6712494616592279,22.376923458628283,0.46501206104015286,0.9714594907407408,1.5358252546296296
SmartMeter_SM_B5_BACH,2026-02-15,21196.26,19.0,0.026367295912479945,0.551988322140583,27.55055093625039,0.5045999164923635,0.9639569444444444,1.1794706250000002
SmartMeter_SM_B5_BACH,2026-02-16,63025.9,10.0,0.07030244633435959,0.4851835071199125,12.141348458009727,0.4199852148371497,0.9821881944444444,1.6777879861111111
SmartMeter_SM_B5_BACH,2026-02-17,65541.768,12.0,0.07365768709417239,0.4879267197683094,11.895368618814917,0.4124222144182694,0.9803048611111111,1.7966684027777777
SmartMeter_SM_B5_BACH,2026-02-18,62858.74399999999,11.0,0.071189431459,0.4939096688052749,12.979837838685643,0.4110846024622523,0.9813034722222223,1.759876527777778
SmartMeter_SM_B5_BACH,2026-02-19,62711.308,11.0,0.07684101098780755,0.5363367001220187,12.884003540294042,0.4540068349341159,0.9829180555555556,1.6725017361111112
SmartMeter_SM_B5_BACH,2026-02-20,63617.344000000005,8.0,0.0733123140095468,0.5026657326865663,12.524080154761766,0.3909241268214004,0.9821791666666666,1.7532608333333333
SmartMeter_SM_B5_BACH,2026-02-21,23224.664,11.0,0.036910830548347665,0.7041072364324027,21.542433560069597,0.4530415472653703,0.9772270833333333,1.3252841666666666
SmartMeter_SM_B5_BACH,2026-02-22,19780.7,19.0,0.030092469216832854,0.6778843024176765,27.84482047581069,0.20531962674886847,0.9668541666666668,2.305065347222222
SmartMeter_SM_B5_BACH,2026-02-23,71917.95599999999,10.0,0.079651341419,0.48192635994827226,11.883205612374644,0.41729922389251345,0.9845909722222222,1.7177300694444444
SmartMeter_SM_B5_BACH,2026-02-24,62943.228,8.0,0.07617066349983953,0.5274257916064721,11.78788618610246,0.4618286574334311,0.9822993055555557,1.798067013888889
SmartMeter_SM_B5_BACH,2026-02-25,65218.50416666667,11.0,0.07535590989316715,0.5037921972255531,13.315992627552738,0.43483727695215074,0.9847305555555556,1.8362874305555554
SmartMeter_SM_B5_BACH,2026-02-26,65513.556,11.0,0.0746807454615,0.49693050242321013,11.693722115966015,0.459322528827522,0.9791166666666667,1.7034104166666666
SmartMeter_SM_B5_BACH,2026-02-27,64305.676,8.0,0.0738749537308811,0.5012238330209331,12.192931326037415,0.4143696129058371,0.9804666666666666,1.7072882638888889
SmartMeter_SM_B5_BACH,2026-02-28,23985.89583333333,11.0,0.03688239392576075,0.6808580404166918,19.74840158664426,0.3982495112148239,0.982536111111111,1.3759105555555555
SmartMeter_SM_B5_BACH,2026-03-01,19806.292,19.0,0.030062706681580228,0.6770703972785796,27.90847153253714,0.4219679671752829,0.9853527777777776,1.1179599999999998
SmartMeter_SM_B5_BACH,2026-03-02,68788.81599999999,10.0,0.08017558905717327,0.5081027311181247,12.106177407344214,0.40697274460807664,0.9887340302767775,1.5608072806033733
SmartMeter_SM_B5_BACH,2026-03-03,69647.39152542374,12.0,0.08054531017482758,0.5037007779083056,12.350711224328064,0.4056575739377915,0.9873660514202133,1.8563206844570381
SmartMeter_SM_B5_BACH,2026-03-04,67906.72711864406,11.0,0.07385827168873271,0.4733662597585036,11.228407727586363,0.3914956773512614,0.9845687749638948,1.9404572451734612
SmartMeter_SM_B5_BACH,2026-03-05,63497.76525423729,11.0,0.07181962265777568,0.49135455489263236,11.33874952920081,0.40875370403971645,0.9829885927615395,2.1071158644091255
SmartMeter_SM_B5_BACH,2026-03-06,63876.75798319328,11.0,0.07144483132981932,0.48733968688482876,11.562780899747786,0.418627107441107,0.9826377318171556,2.071446935604655
SmartMeter_SM_B5_BACH,2026-03-07,22757.572881355933,9.0,0.03138223778683787,0.6123999604581567,23.84668779833132,0.4091118377400116,0.9769782696453003,1.5468618037249906
SmartMeter_SM_B5_BACH,2026-03-08,11140.402521008402,6.0,0.023209950857975534,0.9343657790381561,30.933171730811686,0.44572013882141964,0.9745885338994498,1.3555975564041152
SmartMeter_SM_B5_BACH,2026-03-09,41924.52966101695,10.0,0.05574490495079382,0.5818164361073483,15.004806399917733,0.4033672960823706,0.9866833099869989,1.8554081204636639
SmartMeter_SM_B5_BACH,2026-03-10,68303.31965811967,11.0,0.07178661219865276,0.45712259142227973,10.764688170836385,0.40010490178666464,0.9829490030029292,2.028384293609223
SmartMeter_SM_B5_BACH,2026-03-11,65328.60847457627,10.0,0.0701734048218558,0.4677857450560613,11.949494232871901,0.38093461038854876,0.9847333508941003,2.0243273924572907
SmartMeter_SM_B5_BACH,2026-03-12,62771.68571428571,11.0,0.061475588369403596,0.5791161206843468,12.41449386960249,0.413889157732122,0.9853891889921389,2.1637456470351863
SmartMeter_SM_B7_CTIC,2026-02-10,45751.444,15.0,0.08697440138188561,0.8486771776658142,27.21884983792017,0.3948101187232407,0.9882826388888889,1.5771811111111111
SmartMeter_SM_B7_CTIC,2026-02-11,45355.885,11.0,0.08720730699680014,0.854006701171504,26.928097885629832,0.37452057238823205,0.9887636752136751,1.4988348397435898
SmartMeter_SM_B7_CTIC,2026-02-12,47372.304,15.0,0.08450936415716788,0.7966744388943661,26.430873102559787,0.32287445241363094,0.9893312499999999,1.5422222222222224
SmartMeter_SM_B7_CTIC,2026-02-13,45231.792,11.0,0.08514543583252006,0.8385506122552031,26.543550624967537,0.3433448122484375,0.9897145833333333,1.5468550694444445
SmartMeter_SM_B7_CTIC,2026-02-14,42449.46,12.0,0.08174810096166574,0.8640214699320133,28.263744182070592,0.36358562797596083,0.989682638888889,1.4707368497474749
SmartMeter_SM_B7_CTIC,2026-02-15,38001.892,6.0,0.07735331906431352,0.9115555112434344,31.497519930407254,0.4462434025545578,0.9896416666666666,1.2120033333333333
SmartMeter_SM_B7_CTIC,2026-02-16,41217.566666666666,16.0,0.07929392678360553,0.858030979779118,27.710609429861833,0.3885205506131597,0.9895902777777777,1.4106175694444445
SmartMeter_SM_B7_CTIC,2026-02-17,44921.04166666666,11.0,0.08320989471658023,0.8262975432201256,26.237379720488143,0.36558509135807027,0.9887027777777777,1.538525138888889
SmartMeter_SM_B7_CTIC,2026-02-18,44761.852,14.0,0.08334138062483429,0.82754036418233,26.4237016922474,0.35829851021538667,0.9890972222222222,1.521645138888889
SmartMeter_SM_B7_CTIC,2026-02-19,45231.78333333333,14.0,0.08619491220124738,0.851497025935917,26.189802503926842,0.40618513862802724,0.9893201388888889,1.4028372916666665
SmartMeter_SM_B7_CTIC,2026-02-20,42237.668,14.0,0.08295610985788779,0.8775210494575602,27.678660224315205,0.3793222703918855,0.9887520833333333,1.4998770833333335
SmartMeter_SM_B7_CTIC,2026-02-21,36196.5,11.0,0.07712937079794652,0.9499131098847801,29.83984566083368,0.4097559874325143,0.9898819444444443,1.4906500000000003
SmartMeter_SM_B7_CTIC,2026-02-22,36992.64166666667,11.0,0.07659546522106686,0.9275455561695415,29.155525261555372,0.19548277642823794,0.9899826388888888,2.2660477083333332
SmartMeter_SM_B7_CTIC,2026-02-23,39910.43333333333,11.0,0.07906215918983285,0.8844981881652224,28.19118503178837,0.399898299417732,0.9898284722222223,1.5762918055555557
SmartMeter_SM_B7_CTIC,2026-02-24,39846.536,14.0,0.07987815592047993,0.8953687521363909,28.629929437087974,0.4311329371708257,0.9899826388888888,1.6785525694444445
SmartMeter_SM_B7_CTIC,2026-02-25,41712.868,14.0,0.0808882759673276,0.8658626661015545,27.77012953412607,0.4142952311851727,0.9894909722222223,1.6478880555555555
SmartMeter_SM_B7_CTIC,2026-02-26,43008.40833333333,16.0,0.0840738826945,0.8722878221745658,27.353312440864098,0.4190024687673531,0.9894916666666665,1.5189252083333333
SmartMeter_SM_B7_CTIC,2026-02-27,43612.808,11.0,0.08693184346600669,0.8912176920660047,27.823147469713117,0.39692515176250276,0.9894409722222223,1.5146270833333333
SmartMeter_SM_B7_CTIC,2026-02-28,39639.14166666667,11.0,0.08106338989999999,0.9135630420997315,29.205597510622315,0.4195348719195328,0.9899833333333333,1.4560309027777774
SmartMeter_SM_B7_CTIC,2026-03-01,38034.264,12.0,0.07765969996795319,0.9138391583533844,29.744919253941514,0.4653783994112006,0.9897479166666666,1.324870016025641
SmartMeter_SM_B7_CTIC,2026-03-02,43780.704000000005,10.0,0.08357166186277917,0.8519231891144851,27.340264478178185,0.4468474757298437,0.989225520063754,1.4476379063299383
SmartMeter_SM_B7_CTIC,2026-03-03,42929.17478991597,13.0,0.08239179520910442,0.8569194166185479,27.733517863561097,0.4411134721658618,0.9894738107107249,1.678085854672541
SmartMeter_SM_B7_CTIC,2026-03-04,42109.93613445378,12.0,0.08277919187991628,0.8780521518909423,27.498079425344628,0.4124235282636202,0.9898629701047447,1.7424069636104484
SmartMeter_SM_B7_CTIC,2026-03-05,42194.46722689075,15.0,0.08562048332165957,0.9074157792582661,27.76098388665309,0.41608484541812235,0.9898667687413948,1.8729854646672788
SmartMeter_SM_B7_CTIC,2026-03-06,43245.08151260504,11.0,0.08601594967054683,0.8894033315144974,28.279220659926494,0.4347038607705251,0.9896492664862556,1.8087278239217135
SmartMeter_SM_B7_CTIC,2026-03-07,40755.15169491526,14.0,0.08069164565894978,0.8869367326544659,29.504357141636472,0.40192295429322455,0.9896922728421836,1.5704730010733303
SmartMeter_SM_B7_CTIC,2026-03-08,36449.098319327735,5.0,0.07740054563286544,0.951971708032488,30.220349891632676,0.43223159942705874,0.9898940373449996,1.4095471472108756
SmartMeter_SM_B7_CTIC,2026-03-09,42224.08991596639,14.0,0.08290664995380842,0.8784818491419397,27.8901554850826,0.371465981276522,0.9893007723563402,1.6725981439846074
SmartMeter_SM_B7_CTIC,2026-03-10,42030.79915966386,14.0,0.08492366070684745,0.9028473765923887,27.741745639796335,0.3661624448187862,0.9892055678203485,1.8047970393136066
SmartMeter_SM_B7_CTIC,2026-03-11,43186.968067226895,14.0,0.08361905207876891,0.8658064933250642,27.82355581898141,0.3554329307730388,0.989322624604724,1.7643114448136468
SmartMeter_SM_B7_CTIC,2026-03-12,44133.378151260506,11.0,0.06382697626671474,0.8821127717508729,31.471476055834476,0.3403406035829502,0.9885723820221766,1.7534270182044864
SmartMeter_SM_B7_TAC,2026-02-10,31372.968,11.0,0.03579849233669985,0.5107271484837237,15.314391532627628,0.23172728032516757,0.8962409722222221,2.1579722222222224
SmartMeter_SM_B7_TAC,2026-02-11,35940.948,13.0,0.03835530567887965,0.46453356467691653,13.273808186810616,0.21488628771569437,0.9003309829059828,2.1393669230769228
SmartMeter_SM_B7_TAC,2026-02-12,34375.944,14.0,0.0362315418815,0.46058104110214076,15.118908042780133,0.15941933925829474,0.9012486111111112,2.0961394444444443
SmartMeter_SM_B7_TAC,2026-02-13,30095.564,13.0,0.03505082117934026,0.5135853892417132,14.611494823766147,0.20561008489400887,0.9012951388888889,2.1745176388888887
SmartMeter_SM_B7_TAC,2026-02-14,18954.604,13.0,0.02241282502233026,0.5195772502297218,20.749133059028406,0.27176755906652844,0.8671708031400965,1.7872734933574879
SmartMeter_SM_B7_TAC,2026-02-15,6606.604166666667,12.0,0.012207462218645644,0.8250281809763167,29.91418652197889,0.30355474800117793,0.8099402777777778,1.2624871527777777
SmartMeter_SM_B7_TAC,2026-02-16,27388.612,12.0,0.03265853839960553,0.5280248203361146,15.050592279409766,0.203358812397303,0.8930965277777778,1.8996866666666667
SmartMeter_SM_B7_TAC,2026-02-17,28595.466666666664,13.0,0.03400116112320058,0.5225834502419188,15.769399703554276,0.16991945033541866,0.8911875,2.023085347222222
SmartMeter_SM_B7_TAC,2026-02-18,35003.441666666666,13.0,0.038986112216773054,0.4921871574223051,14.364263407361005,0.1490000912243384,0.9005071338383838,2.1902979924242425
SmartMeter_SM_B7_TAC,2026-02-19,25412.736,13.0,0.033579805804725874,0.5854242902571478,16.962398161690487,0.20831314323704753,0.8950368055555554,1.8979328774154591
SmartMeter_SM_B7_TAC,2026-02-20,35231.032,12.0,0.03565203364050597,0.4395324141685975,15.293408874189746,0.18460846532405895,0.89790625,2.045937361111111
SmartMeter_SM_B7_TAC,2026-02-21,16930.945833333335,12.0,0.02136070077929418,0.5594421880020648,23.734438833927648,0.2649092555213847,0.8608923611111111,1.454331458333333
SmartMeter_SM_B7_TAC,2026-02-22,8319.288,12.0,0.014800112069666426,0.7938178623779663,29.01154920621625,0.07747430592435998,0.8007840277777779,2.265985138888889
SmartMeter_SM_B7_TAC,2026-02-23,26789.24,12.0,0.0330672027935,0.5418663998949661,16.009348588967242,0.2158327257891469,0.8881131944444446,1.9567006249999999
SmartMeter_SM_B7_TAC,2026-02-24,29238.55,13.0,0.035085480859840264,0.5207315506126899,16.071148102218118,0.22250347491741962,0.8960805555555557,2.0715986111111113
SmartMeter_SM_B7_TAC,2026-02-25,28537.55833333333,13.0,0.03455962324945464,0.5349302792586884,16.62647069540831,0.20013499889274722,0.8938604166666666,2.013591111111111
SmartMeter_SM_B7_TAC,2026-02-26,29597.224,13.0,0.03562420111666787,0.5226028329924155,15.889774186961859,0.19734838805577679,0.893842361111111,1.8658082638888889
SmartMeter_SM_B7_TAC,2026-02-27,39943.684,13.0,0.0420635894136066,0.45603438739861446,13.2691576544375,0.17620248750097964,0.9002481691919192,2.2058656376262626
SmartMeter_SM_B7_TAC,2026-02-28,17870.992,13.0,0.025068091935638123,0.6135035075986894,21.39723584016555,0.23511444315932692,0.8714448369565216,1.6914981400966187
SmartMeter_SM_B7_TAC,2026-03-01,9608.916666666666,14.0,0.017347973884379652,0.8072439527655603,27.874146265385935,0.30776468030551424,0.8328998931623932,1.2208841346153847
SmartMeter_SM_B7_TAC,2026-03-02,35540.852,13.0,0.037761454466974674,0.46775835211694733,14.748465824263176,0.20409938527447805,0.8882662646359009,1.892089133373048
SmartMeter_SM_B7_TAC,2026-03-03,33526.35462184874,13.0,0.036238882740316995,0.4741384243078405,14.478991060664542,0.22907486455015721,0.8879181534297437,2.113381881646089
SmartMeter_SM_B7_TAC,2026-03-04,28865.539495798323,12.0,0.03434194989544863,0.5213420577830391,16.335189343048338,0.1920203988604381,0.8882034903660858,2.1209388092176273
SmartMeter_SM_B7_TAC,2026-03-05,30734.99159663865,12.0,0.03636386674642021,0.5174319836508271,15.95487406467431,0.17497035863901353,0.8826466029669225,2.357390031317648
SmartMeter_SM_B7_TAC,2026-03-06,32077.1186440678,13.0,0.03585520982692378,0.4911572095461608,15.964503369445193,0.18245335292772893,0.8795749646880928,2.2847113798121916
SmartMeter_SM_B7_TAC,2026-03-07,19194.87142857143,10.0,0.02624277177361318,0.6006574655717769,18.517495161203392,0.211911570861931,0.8396202719092472,1.7397381058501233
SmartMeter_SM_B7_TAC,2026-03-08,7601.856779661017,5.0,0.015070815816068056,0.8869472767315685,31.382477958638972,0.1622510081566342,0.7261510976300604,1.2620239109366753
SmartMeter_SM_B7_TAC,2026-03-09,27429.70756302521,14.0,0.03170611698350156,0.5047640325875706,15.513802318321751,0.1888743963180818,0.8670142413668085,2.0508986037394124
SmartMeter_SM_B7_TAC,2026-03-10,34213.16638655462,13.0,0.03829405640785265,0.4883501616471441,12.105745548310672,0.20562852200622025,0.8888993944570841,2.4493842203092577
SmartMeter_SM_B7_TAC,2026-03-11,31534.461016949157,13.0,0.03618120234476565,0.5009403707716606,14.953319987474407,0.18476410987353042,0.8903514402980196,2.261110760175219
SmartMeter_SM_B7_TAC,2026-03-12,31464.80169491525,12.0,0.02943320907762238,0.5711037706544317,15.864419827247811,0.1550183726005303,0.9025367334546512,2.4099829853987513
SmartMeter_SM_B8_AA,2026-02-10,17190.48,12.0,0.009221513361180158,0.2348447464332972,6.501808022651648,0.3066899084543456,0.8348972222222223,1.5405063194444442
SmartMeter_SM_B8_AA,2026-02-11,19102.812,14.0,0.009975173439680159,0.2259529920959361,5.805456177997859,0.31328839637926204,0.8329221153846155,1.4896772008547006
SmartMeter_SM_B8_AA,2026-02-12,18256.236,10.0,0.0107405474715,0.25277997208125974,5.520584788190557,0.2760656253440139,0.8516548611111111,1.5489915972222221
SmartMeter_SM_B8_AA,2026-02-13,6452.388000000001,10.0,0.005790295541812793,0.38835325756179834,8.025157265019658,0.2904220657668427,0.8556389190821255,1.5696084963768115
SmartMeter_SM_B8_AA,2026-02-14,1805.052,12.0,0.002673638860452837,0.6658545016985661,30.406708136905458,0.31746402019122116,0.8271684027777777,1.4864827430555554
SmartMeter_SM_B8_AA,2026-02-15,1206.304,10.0,0.0016970679614000724,0.6321956594505016,31.732247903357585,0.36594323622885333,0.8560131944444445,1.1527847222222223
SmartMeter_SM_B8_AA,2026-02-16,6138.474999999999,13.0,0.0040237238852128656,0.2786251516504959,10.927715504903956,0.2951856290470331,0.8624180555555555,1.3950595138888886
SmartMeter_SM_B8_AA,2026-02-17,13479.556,12.0,0.007071430520760029,0.2266637379310647,7.701044335433786,0.2727882467564888,0.8513187499999999,1.541119652777778
SmartMeter_SM_B8_AA,2026-02-18,7793.812,14.0,0.003798322318605907,0.21149763458484627,13.315617276830421,0.2744220654044258,0.8667044191919192,1.540462121212121
SmartMeter_SM_B8_AA,2026-02-19,5860.36,11.0,0.004275575498560173,0.31429922346446676,5.925122320786422,0.33303822152013285,0.8726638888888889,1.410946527777778
SmartMeter_SM_B8_AA,2026-02-20,11925.424,10.0,0.006483441289599927,0.23863868662727072,6.354014533005933,0.26320479177387934,0.8695097222222222,1.4958833333333335
SmartMeter_SM_B8_AA,2026-02-21,1190.12,1.0,0.001700921192967293,0.6517519591861886,29.405345078192706,0.3168525581094946,0.8595840277777778,1.2573764583333333
SmartMeter_SM_B8_AA,2026-02-22,998.3916666666668,0.0,0.0014099276675200577,0.6363653974030454,30.735801157480708,0.09806685311753938,0.8622493055555557,2.3759725694444445
SmartMeter_SM_B8_AA,2026-02-23,7127.148,14.0,0.0040385440315,0.23935330911233127,6.346680119566465,0.2771810987977096,0.859,1.4418127777777776
SmartMeter_SM_B8_AA,2026-02-24,10161.704166666666,15.0,0.004974376748960246,0.21440261892861096,5.822511464191839,0.31331538985905344,0.8478208333333334,1.522618125
SmartMeter_SM_B8_AA,2026-02-25,11241.052,15.0,0.005442011593793097,0.20645949910006445,4.804757782055312,0.28975885942655283,0.85380625,1.539671527777778
SmartMeter_SM_B8_AA,2026-02-26,5510.941666666667,14.0,0.0035214345341731115,0.2815830501845067,9.790831382907438,0.3053194834414337,0.8613395833333333,1.425945625
SmartMeter_SM_B8_AA,2026-02-27,10586.828,16.0,0.00629778870317804,0.2556961689072306,8.240014434848927,0.2708391036978406,0.8546015151515153,1.4439788383838383
SmartMeter_SM_B8_AA,2026-02-28,1438.0916666666665,11.0,0.002300162473342955,0.6699139047914663,26.798622121416866,0.3139094941193616,0.8553360809178744,1.3410756008454108
SmartMeter_SM_B8_AA,2026-03-01,1474.4,19.0,0.002280555557359957,0.6946498459753002,26.818006238271625,0.3552904551829874,0.8525361111111112,1.0915898076923078
SmartMeter_SM_B8_AA,2026-03-02,24063.764102564102,15.0,0.011392773824942365,0.20470066106360654,5.346442820597681,0.3131762663389314,0.8695152390214158,1.2709099682193135
SmartMeter_SM_B8_AA,2026-03-03,22355.189915966388,15.0,0.010955682103373882,0.21214561513396143,5.937220494871561,0.32491903006782263,0.840854731181557,1.6068639953507589
SmartMeter_SM_B8_AA,2026-03-04,11989.425210084037,14.0,0.007397824946228868,0.26887645194403026,10.305794143116195,0.296310503027635,0.8393931983044579,1.6866158393298256
SmartMeter_SM_B8_AA,2026-03-05,8125.41779661017,10.0,0.006506948091769169,0.3486939694431138,9.479540482371014,0.3136567525784734,0.8602951203726863,1.8992214790038862
SmartMeter_SM_B8_AA,2026-03-06,5453.887288135593,14.0,0.004300410373266532,0.34855016923148907,14.927978087823796,0.3311915763142386,0.8625732621606526,1.795258730498108
SmartMeter_SM_B8_AA,2026-03-07,2396.926050420168,8.0,0.0031169036422767056,0.573815093307026,24.70820016221281,0.31439407271034714,0.8374671260672842,1.4891602896137275
SmartMeter_SM_B8_AA,2026-03-08,1415.369298245614,4.0,0.0021431786105896187,0.6761888378297394,36.18961047359009,0.3575976079725227,0.850091019182134,1.3397957348780831
SmartMeter_SM_B8_AA,2026-03-09,4660.0781512605045,15.0,0.003898853989566814,0.36928498863893905,10.217606125287155,0.3090096936350965,0.8459893985342749,1.6740283857944949
SmartMeter_SM_B8_AA,2026-03-10,20517.581512605044,15.0,0.010098270972678215,0.21252755727026856,5.255014640546847,0.30595795534805265,0.8440163702699303,1.824209509243235
SmartMeter_SM_B8_AA,2026-03-11,6914.426271186441,8.0,0.005415468520554101,0.3446617955302063,11.305301497052842,0.30407523692431065,0.8603520885164236,1.7958938575995296
SmartMeter_SM_B8_AA,2026-03-12,15370.637288135593,11.0,0.012189581107451402,0.4718581913986053,6.23603569232138,0.2942361731284392,0.8367364223607462,1.7744141784688994
SmartMeter_SM_B8_CPA,2026-02-10,593.232,16.0,0.0005816151485599928,0.43823767280104775,15.137066049256468,0.467842428839393,0.5570951388888888,1.6353226388888888
SmartMeter_SM_B8_CPA,2026-02-11,703.872,14.0,0.0005926441547999639,0.37613318015498737,16.458108240862522,0.4767623870368917,0.5306873931623932,1.5781396367521368
SmartMeter_SM_B8_CPA,2026-02-12,801.1080000000001,14.0,0.0007352670826666065,0.4070082293662166,10.577894088655416,0.44421581773564195,0.5128805555555556,1.6545673611111116
SmartMeter_SM_B8_CPA,2026-02-13,387.38,11.0,0.00039396454992663533,0.45316861721616525,22.400369062783735,0.440085634522487,0.5657407608695652,1.6211658333333334
SmartMeter_SM_B8_CPA,2026-02-14,244.53125,15.0,0.00022426124081038166,0.48684298683459115,33.09229974027753,0.436468876590501,0.3917780193236715,1.4670179951690823
SmartMeter_SM_B8_CPA,2026-02-15,153.048,10.0,0.00029435875647343694,0.8588795127454568,29.907857339832034,0.4579501579539194,0.5604263888888888,1.1190284027777777
SmartMeter_SM_B8_CPA,2026-02-16,389.704,10.0,0.00038244544109007953,0.4651867542773205,20.720335632925263,0.4575381852921116,0.47379513888888886,1.440924375
SmartMeter_SM_B8_CPA,2026-02-17,740.676,12.0,0.0006738016521599205,0.40183532978282305,11.14518779610855,0.4406896734083537,0.5703694444444444,1.6210038194444445
SmartMeter_SM_B8_CPA,2026-02-18,639.6759999999999,14.0,0.00049916973725,0.3564583650334093,19.750151842762335,0.4267289333715904,0.5262534722222222,1.6049385416666666
SmartMeter_SM_B8_CPA,2026-02-19,696.875,12.0,0.0006137496122165703,0.39876028898854016,9.82729072616884,0.49169875189745843,0.4708291666666667,1.482215902777778
SmartMeter_SM_B8_CPA,2026-02-20,647.16,12.0,0.0004807416532399711,0.34037023301810987,14.844533061043636,0.44508936008097627,0.48530625,1.535606111111111
SmartMeter_SM_B8_CPA,2026-02-21,293.34166666666664,10.0,0.0002856973128265269,0.5212843148395406,33.16437183897177,0.46899197936632464,0.3442784722222223,1.245183402777778
SmartMeter_SM_B8_CPA,2026-02-22,222.63333333333333,2.0,0.00040430003916344415,0.8086520250037432,29.232218867600018,0.19949198672458376,0.5377333333333333,2.281141875
SmartMeter_SM_B8_CPA,2026-02-23,471.792,10.0,0.00029328541400000003,0.3516220836960167,28.25421766457162,0.439420381254134,0.24215972222222223,1.4966088194444447
SmartMeter_SM_B8_CPA,2026-02-24,622.0833333333334,13.0,0.0004925603859999999,0.3925700826077249,3.431160133922689,0.4495836076811179,0.23978541666666664,1.62604125
SmartMeter_SM_B8_CPA,2026-02-25,465.708,15.0,0.00035911584602340077,0.3724935862290439,8.854111556368718,0.3873426201899253,0.25728125,1.589688611111111
SmartMeter_SM_B8_CPA,2026-02-26,751.1125000000001,16.0,0.0006068340074799421,0.3772233594242614,4.507854692176296,0.4798077903318118,0.3806486111111111,1.4771334027777776
SmartMeter_SM_B8_CPA,2026-02-27,614.96,10.0,0.0005505588782765631,0.4061650690017779,14.502184653985333,0.4459030399793676,0.51588125,1.5034068750000003
SmartMeter_SM_B8_CPA,2026-02-28,205.37916666666663,11.0,0.0002485795195999277,0.6384551946602829,37.13598990450928,0.4098318666561369,0.3975888888888888,1.359339375
SmartMeter_SM_B8_CPA,2026-03-01,214.172,12.0,0.00035460677277656305,0.7349976922653908,27.42612185749838,0.4370548346626621,0.5628806623931624,1.0991914102564102
SmartMeter_SM_B8_CPA,2026-03-02,603.804,11.0,0.0004585099554404848,0.3517968257750284,17.492640770662966,0.46818183985537604,0.4517191142080474,1.3537147035944974
SmartMeter_SM_B8_CPA,2026-03-03,753.0806722689076,12.0,0.0005020121506397909,0.32219229343802036,10.416509128362385,0.4856834550536251,0.356654168079617,1.6940596206368486
SmartMeter_SM_B8_CPA,2026-03-04,453.3504201680672,15.0,0.0005043976926732318,0.5012652140110431,17.139511317764597,0.4792845360774405,0.5143137974599593,1.7548432642106055
SmartMeter_SM_B8_CPA,2026-03-05,652.4630252100841,12.0,0.000574564177471409,0.41150350954803505,11.877302556662345,0.45820911735604186,0.42612691084678334,1.9211088704861428
SmartMeter_SM_B8_CPA,2026-03-06,601.4142857142857,11.0,0.0004688222968279184,0.3584894359550165,22.072983432967437,0.47539364160237785,0.48538878985613687,1.8222041661919668
SmartMeter_SM_B8_CPA,2026-03-07,210.9142857142857,8.0,0.0002089173144750439,0.5901932569319203,37.23392289502032,0.41625268853005704,0.33701335310628217,1.4934196507155004
SmartMeter_SM_B8_CPA,2026-03-08,174.05378151260504,6.0,0.00031470838537630234,0.8076167142497174,31.50169184225384,0.4552741590506367,0.5605332203223584,1.2999921039148628
SmartMeter_SM_B8_CPA,2026-03-09,420.8898305084746,10.0,0.00036287383454987,0.4110692866968873,21.399263611389696,0.4685465119755119,0.4636863054238584,1.6984648023723052
SmartMeter_SM_B8_CPA,2026-03-10,595.6983193277312,14.0,0.00041345229605684416,0.3596921021667543,17.09122423285715,0.467073223982468,0.32126520572020006,1.8906091953340678
SmartMeter_SM_B8_CPA,2026-03-11,390.3529411764706,14.0,0.0002455077177478612,0.4347426862293229,23.161449720025267,0.43183839372408345,0.07013377478598999,1.8370752904563428
SmartMeter_SM_B8_CPA,2026-03-12,514.4008403361345,14.0,0.00024271529755312999,0.47920845997721584,0.0,0.4792147280632169,-0.027747235488055595,1.8611708493275705
SmartMeter_SM_B8_LABS,2026-02-10,38041.21666666667,10.0,0.04717852975108691,0.5432318945649448,15.72000165855845,0.25968373290793423,0.9389659722222223,1.8443689583333331
SmartMeter_SM_B8_LABS,2026-02-11,36129.208,12.0,0.04609942214480087,0.5593616964865108,15.411618230016899,0.26104610036296577,0.9393337072649572,1.7415268215811965
SmartMeter_SM_B8_LABS,2026-02-12,36697.07083333333,12.0,0.044968126615953195,0.5391113976285801,16.702308896620156,0.272046513165113,0.9414326388888888,1.7871526388888885
SmartMeter_SM_B8_LABS,2026-02-13,33082.175,12.0,0.04252102963639971,0.5628488327881402,16.72225596525241,0.2838665916813288,0.9348646437198068,1.762655166062802
SmartMeter_SM_B8_LABS,2026-02-14,24768.052000000003,10.0,0.03171329005584801,0.5650697730834295,21.382444476705427,0.3066069538198401,0.9164465909090908,1.638202225378788
SmartMeter_SM_B8_LABS,2026-02-15,9612.28,22.0,0.017424006244192446,0.8173093358045281,31.839489537610937,0.34816950420024906,0.8455076086956522,1.1189039492753623
SmartMeter_SM_B8_LABS,2026-02-16,29838.276,10.0,0.04064067688636773,0.6011026389207085,17.732242816765275,0.2619028565787684,0.9477354166666666,1.5405675694444447
SmartMeter_SM_B8_LABS,2026-02-17,30692.172,8.0,0.04498904854765233,0.647715277865567,19.216530986190822,0.2167971598348849,0.9619680555555554,1.861616041666667
SmartMeter_SM_B8_LABS,2026-02-18,31905.252,9.0,0.05015484569133285,0.6925009118927087,19.92957089882931,0.21041999054452765,0.968398611111111,2.0300596527777777
SmartMeter_SM_B8_LABS,2026-02-19,28578.192000000003,13.0,0.04245524949204012,0.6564580014563396,18.460301966778832,0.21691345842063217,0.9369624999999999,1.5753554861111112
SmartMeter_SM_B8_LABS,2026-02-20,28920.858333333334,11.0,0.04027437863610842,0.6090289227046722,18.235976533337418,0.2531892542463323,0.9385576388888889,1.6296144444444443
SmartMeter_SM_B8_LABS,2026-02-21,23304.1375,8.0,0.027180086521620343,0.5147664741698528,21.716009752558605,0.30645177448436733,0.8867666666666666,1.2446051388888888
SmartMeter_SM_B8_LABS,2026-02-22,8621.425000000001,0.0,0.017623679960170942,0.9172172241763332,31.476857230592437,0.0858480048285183,0.8614493055555558,2.291989513888889
SmartMeter_SM_B8_LABS,2026-02-23,28419.166666666668,9.0,0.043079880804831404,0.6676988661799059,17.63042788366075,0.2792012237362902,0.9518062500000001,1.7286564583333333
SmartMeter_SM_B8_LABS,2026-02-24,34623.40416666667,11.0,0.049895542448799415,0.6405765628748794,18.691232755891544,0.21082494124641396,0.9680666666666666,2.0452214583333332
SmartMeter_SM_B8_LABS,2026-02-25,32478.164,8.0,0.04565726616712848,0.6214932265721672,16.960827844712245,0.24300696020186044,0.9505590277777779,1.7796707638888887
SmartMeter_SM_B8_LABS,2026-02-26,29327.86666666667,9.0,0.04334498248983141,0.6469083184726092,16.8274090229731,0.301690598736943,0.9428243055555555,1.6395976388888887
SmartMeter_SM_B8_LABS,2026-02-27,32004.088,8.0,0.046463026205200576,0.63954887814297,16.322827145064654,0.2987093414005076,0.9466666666666667,1.7935046527777778
SmartMeter_SM_B8_LABS,2026-02-28,24367.252,13.0,0.036677678184320925,0.6653157395311635,20.737953594031154,0.24427582239478896,0.9426048611111112,1.7157395833333335
SmartMeter_SM_B8_LABS,2026-03-01,14824.616000000002,2.0,0.022376781612060172,0.6836076785435675,34.638011341512495,0.3236804834937603,0.8963708867521367,1.1638160576923078
SmartMeter_SM_B8_LABS,2026-03-02,34817.9875,14.0,0.04795733717238495,0.6043031119109805,16.834207870883226,0.23783701575996274,0.9557998125662696,1.7324720887619496
SmartMeter_SM_B8_LABS,2026-03-03,33929.45847457627,10.0,0.047313400103735206,0.6113291697018491,18.011803234001814,0.22720059534490714,0.9537960857012298,1.919301464653658
SmartMeter_SM_B8_LABS,2026-03-04,33483.665546218486,9.0,0.047613713334652814,0.6223455927950017,16.46960218226011,0.20656166007420299,0.9499797198985503,2.009771027237632
SmartMeter_SM_B8_LABS,2026-03-05,32642.79831932773,13.0,0.04692660124788442,0.631478157227348,16.971603939807565,0.27135506695247535,0.9563068781264304,2.2816241563675965
SmartMeter_SM_B8_LABS,2026-03-06,36483.74322033898,10.0,0.048588577715373595,0.5860370739625331,16.436794125696768,0.26488725458167894,0.952102676255067,2.20956389078811
SmartMeter_SM_B8_LABS,2026-03-07,23886.09661016949,9.0,0.030823991159750198,0.5700366098099803,19.836481201711532,0.25710413768209395,0.9047755180823588,1.5488216272215858
SmartMeter_SM_B8_LABS,2026-03-08,9832.27899159664,19.0,0.01769499209454147,0.8112144709664028,32.30430862126003,0.35609089118290616,0.8626493504614142,1.2953343392087022
SmartMeter_SM_B8_LABS,2026-03-09,29305.531092436977,14.0,0.04034803189486439,0.6035728328732802,18.54039566074297,0.2309775445849929,0.9483124660063252,1.8904816376701676
SmartMeter_SM_B8_LABS,2026-03-10,31589.49159663865,14.0,0.04720701621787576,0.6564555976419988,18.513189431209497,0.19516898812676323,0.9569226115826158,2.147639960577967
SmartMeter_SM_B8_LABS,2026-03-11,36468.71764705882,11.0,0.04708680732915312,0.5658805041915207,17.726760640882734,0.29458849800275627,0.9541512866645281,2.1181423316728183
SmartMeter_SM_B8_LABS,2026-03-12,37499.021848739496,10.0,0.03707823693136899,0.5914688360649168,16.994903773566886,0.21650771140166186,0.935430504227776,2.0663414719220423
SmartMeter_SM_B9_SFA1,2026-02-10,76918.26,16.0,0.11627341600037296,0.6617352871130753,15.856700538593662,0.349405910804044,0.9858828200483093,2.1449255072463767
SmartMeter_SM_B9_SFA1,2026-02-11,83571.72,14.0,0.11561784855791978,0.6063910563667203,14.914459780767977,0.3474893436832384,0.9838951388888889,2.075674620726496
SmartMeter_SM_B9_SFA1,2026-02-12,83828.848,16.0,0.12142126374544955,0.6349657980888441,15.846318201064257,0.30507633857995714,0.9868054649758454,2.1592299245169078
SmartMeter_SM_B9_SFA1,2026-02-13,75431.74166666667,8.0,0.11180050071552006,0.6474872231801032,17.045780593266063,0.33936534191155704,0.9869430555555555,2.1278553472222224
SmartMeter_SM_B9_SFA1,2026-02-14,63039.904,10.0,0.07437399006837965,0.5194238839224402,22.19718366520606,0.3419944078393213,0.9818847222222223,1.87762
SmartMeter_SM_B9_SFA1,2026-02-15,17399.504,2.0,0.036602904794752616,0.9434468880709346,31.696436179939226,0.3676459732610393,0.96983125,1.3707888194444446
SmartMeter_SM_B9_SFA1,2026-02-16,71623.50833333333,16.0,0.09392155960608692,0.5761067102696689,14.129572115545303,0.323445751831734,0.9816215277777779,1.899823888888889
SmartMeter_SM_B9_SFA1,2026-02-17,71532.204,10.0,0.10790546603301338,0.6586849338865612,14.91783282369427,0.3197759250622812,0.9857881944444444,2.128481041666667
SmartMeter_SM_B9_SFA1,2026-02-18,77314.29166666667,10.0,0.114184219393,0.6503015862921707,15.281755163927377,0.3021395689257981,0.9851430555555555,2.157410138888889
SmartMeter_SM_B9_SFA1,2026-02-19,80411.72499999999,14.0,0.11824680836562033,0.6457389254593572,15.152082643506649,0.37076751074325937,0.9863756944444445,2.03162625
SmartMeter_SM_B9_SFA1,2026-02-20,71870.312,8.0,0.1037205819906724,0.6352076443376694,17.451469735100595,0.29836725245917906,0.9850993055555556,2.067505069444444
SmartMeter_SM_B9_SFA1,2026-02-21,71003.352,11.0,0.09215627764210028,0.5677533978137633,17.586086029365074,0.3397991160430296,0.982036111111111,1.7924050694444444
SmartMeter_SM_B9_SFA1,2026-02-22,43921.32916666666,18.0,0.075271027228,0.757682797243822,18.44455385905558,0.13562676461910772,0.9752361111111111,2.7260041666666663
SmartMeter_SM_B9_SFA1,2026-02-23,73586.432,16.0,0.10571075620616716,0.632420261326919,14.880881681822908,0.3017262553908718,0.9809562500000001,2.0391918749999998
SmartMeter_SM_B9_SFA1,2026-02-24,74374.372,16.0,0.11259996008127936,0.6644040039573189,15.458415899183779,0.3528769555128066,0.9840416666666667,2.135305069444444
SmartMeter_SM_B9_SFA1,2026-02-25,77675.75200000001,10.0,0.11828271246366716,0.6677792792723782,15.754926078240123,0.3354844353986481,0.98601875,2.1964124305555557
SmartMeter_SM_B9_SFA1,2026-02-26,83371.4375,16.0,0.11457387602033285,0.6004496932944079,15.51214532760211,0.3522547829658498,0.985611111111111,2.0312050694444443
SmartMeter_SM_B9_SFA1,2026-02-27,71962.86,14.0,0.10366435197483954,0.6316986128716643,15.268698723165,0.3278344222509742,0.983309027777778,1.989640277777778
SmartMeter_SM_B9_SFA1,2026-02-28,68284.912,10.0,0.08593182299295989,0.5494271587770371,16.131232676826603,0.3592950807758189,0.978252777777778,1.8068359027777776
SmartMeter_SM_B9_SFA1,2026-03-01,41344.552,15.0,0.0668132864548529,0.7124110926072004,18.174928959095357,0.39296366434742097,0.9729549679487178,1.5151601816239317
SmartMeter_SM_B9_SFA1,2026-03-02,75724.15084745764,16.0,0.10469398373718163,0.6043995444040371,13.628986830493636,0.3767253589368467,0.9809726227020691,1.8728865786055495
SmartMeter_SM_B9_SFA1,2026-03-03,77527.28983050847,16.0,0.11115276133481293,0.6298386425836339,13.856378238719591,0.3803139592392259,0.9830432973394713,2.223335021555703
SmartMeter_SM_B9_SFA1,2026-03-04,78538.99661016949,14.0,0.11124691679074945,0.6204743271764763,13.624219958057934,0.34389643548135385,0.9830498940882606,2.236726541306908
SmartMeter_SM_B9_SFA1,2026-03-05,73315.0906779661,16.0,0.10721062018837912,0.640882305771874,14.245418664709941,0.36795066136057103,0.9833833894830648,2.378231741298223
SmartMeter_SM_B9_SFA1,2026-03-06,71778.1462184874,8.0,0.10114755113724952,0.6191695432807686,14.482748520934601,0.38359801244026864,0.9821283065916123,2.28030927555185
SmartMeter_SM_B9_SFA1,2026-03-07,62267.17058823529,10.0,0.0762138191483314,0.5413670877736736,20.211354239154762,0.3493686094386191,0.9818899888182283,1.7949602713863089
SmartMeter_SM_B9_SFA1,2026-03-08,21892.280672268906,0.0,0.04299460153851874,0.8822762355274034,32.039681481218544,0.37925499688243985,0.9674191439272887,1.4703536259463412
SmartMeter_SM_B9_SFA1,2026-03-09,71434.07627118644,16.0,0.10459116951353446,0.6412584102391843,14.571814710990411,0.34520224311035136,0.9815105533906469,2.14961042661588
SmartMeter_SM_B9_SFA1,2026-03-10,80808.97966101694,16.0,0.11424755838025392,0.6195124384476713,14.672845859064859,0.3649271595975752,0.9818446124535135,2.37759737180834
SmartMeter_SM_B9_SFA1,2026-03-11,80658.49411764706,10.0,9.687794002590074,0.6429458390277002,0.1766727017302403,0.35602349268268735,0.9835832997976256,2.3741772832885046
SmartMeter_SM_B9_SFA1,2026-03-12,82000.38813559322,16.0,0.08512705383188653,0.6300556511000202,14.949806553269587,0.36979379706176785,0.9840017249837787,2.3427960063367816
SmartMeter_SM_B9_SFA2,2026-02-10,53551.2,12.0,0.07356193097495997,0.592111460231828,13.847712603510088,0.33319770937026627,0.9600763888888889,1.8942179166666666
SmartMeter_SM_B9_SFA2,2026-02-11,63554.004,14.0,0.0772427602620533,0.5392545451208426,13.523717055648953,0.3295195875420451,0.9568321047008547,1.8331512606837606
SmartMeter_SM_B9_SFA2,2026-02-12,82956.82,16.0,0.0809296667566666,0.43154945272532536,15.432982619484589,0.2767536089996494,0.9580125,1.9088298611111112
SmartMeter_SM_B9_SFA2,2026-02-13,59166.15,15.0,0.06587868360223997,0.4916889390442565,17.02242018661916,0.32519348027482736,0.9631833333333333,2.019484166666667
SmartMeter_SM_B9_SFA2,2026-02-14,50218.82,13.0,0.05116153744545338,0.4487586406710782,17.34683440120523,0.3556546579114967,0.9664947916666667,1.8237114236111112
SmartMeter_SM_B9_SFA2,2026-02-15,10718.166666666666,11.0,0.020162439700793018,0.8376726431612679,29.82749957107921,0.42470257767965797,0.9646743357487922,1.3187936201690822
SmartMeter_SM_B9_SFA2,2026-02-16,29421.875,16.0,0.038011761228886956,0.5678761613726683,15.518182575873427,0.359424714604693,0.9508499396135267,1.598644577294686
SmartMeter_SM_B9_SFA2,2026-02-17,45575.84166666667,11.0,0.05536377574423997,0.5398536810102184,14.262910277017248,0.3138741739380791,0.9533375,1.8427372916666667
SmartMeter_SM_B9_SFA2,2026-02-18,55476.10833333334,15.0,0.06368847670416679,0.505223546808113,12.283598465254153,0.3017207451459177,0.9585173611111112,1.9604802083333333
SmartMeter_SM_B9_SFA2,2026-02-19,53276.020833333336,14.0,0.06448508988520003,0.5304912199268301,13.730115362267782,0.35845568911647274,0.9561034722222223,1.7994833333333335
SmartMeter_SM_B9_SFA2,2026-02-20,73896.912,14.0,0.08024356451567999,0.47397767813130454,10.429918796413865,0.2711287546501186,0.9571847222222223,2.0486285416666665
SmartMeter_SM_B9_SFA2,2026-02-21,42686.71666666667,12.0,0.0473701299525,0.48692388270928416,15.386733707279063,0.3547647332646429,0.9604020833333333,1.5506947916666667
SmartMeter_SM_B9_SFA2,2026-02-22,19764.16,12.0,0.0249482999725,0.562034201048767,25.25840013092141,0.13461567123369347,0.9647263888888888,2.4016830555555555
SmartMeter_SM_B9_SFA2,2026-02-23,40564.944,12.0,0.0494381619214766,0.5309434837997065,14.493608945300354,0.3283237921393208,0.9572423611111112,1.7518055555555554
SmartMeter_SM_B9_SFA2,2026-02-24,62779.916000000005,16.0,0.06789402946122677,0.4716248986512395,14.249671776914969,0.343963240111274,0.9598340277777778,1.9903011111111113
SmartMeter_SM_B9_SFA2,2026-02-25,50839.568,12.0,0.05968795564383358,0.5122924493083812,16.10839113620543,0.32271478180541696,0.95348125,1.8577624305555556
SmartMeter_SM_B9_SFA2,2026-02-26,69379.74166666667,16.0,0.08227610681516678,0.5221438409333875,12.535476341359322,0.2978942509742831,0.9608492451690821,2.0263271467391304
SmartMeter_SM_B9_SFA2,2026-02-27,69710.27083333333,15.0,0.08785582478797994,0.5488436419230827,13.009231360177145,0.2564223618600941,0.9597645833333334,2.0048211805555556
SmartMeter_SM_B9_SFA2,2026-02-28,64536.76,13.0,0.06899764931199999,0.4654711118214728,12.964930782094095,0.3154201104484173,0.9688041666666667,1.8885978472222222
SmartMeter_SM_B9_SFA2,2026-03-01,23080.32,13.0,0.036615902942999996,0.708983481520409,23.32724540413319,0.3829792947378889,0.9772299145299145,1.5029759935897438
SmartMeter_SM_B9_SFA2,2026-03-02,76790.23333333332,14.0,0.08511876272484262,0.49013040556782583,12.7993014928654,0.33133925394719227,0.960845070304878,1.8711002465508493
SmartMeter_SM_B9_SFA2,2026-03-03,65195.99663865546,15.0,0.07869687997296616,0.526210175565575,12.967413455155349,0.3496296563344646,0.9584393557773417,2.0727831944015143
SmartMeter_SM_B9_SFA2,2026-03-04,52147.2294117647,11.0,0.06815630950197736,0.5708616668669892,12.475399573319834,0.33719114954963353,0.9567677494173793,2.076636984001412
SmartMeter_SM_B9_SFA2,2026-03-05,56581.15378151261,12.0,0.07072279199677393,0.5475792029782234,12.404862391589422,0.33549835417219764,0.9565838791109881,2.241812525652391
SmartMeter_SM_B9_SFA2,2026-03-06,54576.44201680672,14.0,0.06540530617218492,0.5227252217830165,11.95266465427908,0.3649051321145563,0.9578266106031977,2.095998489779484
SmartMeter_SM_B9_SFA2,2026-03-07,48052.903389830506,14.0,0.05482657202777991,0.49781797431643543,10.499393278900278,0.33869204046027623,0.9655615129487911,1.832028165907638
SmartMeter_SM_B9_SFA2,2026-03-08,9524.171428571428,0.0,0.018340929270981774,0.8635065770684087,31.573179367867276,0.424452440429628,0.9601152586066334,1.385638081290687
SmartMeter_SM_B9_SFA2,2026-03-09,62537.9781512605,14.0,0.05884678923408251,0.40978264911572226,9.276995230394764,0.34225608979493466,0.9542389843997626,2.005719337280766
SmartMeter_SM_B9_SFA2,2026-03-10,71207.98319327731,14.0,0.07340825498130442,0.44966841677213876,10.721638286265133,0.3322193343307212,0.9593217147987049,2.265108059097899
SmartMeter_SM_B9_SFA2,2026-03-11,65415.40756302521,14.0,0.07605078663562635,0.5093423347709453,11.523395203711704,0.31389888994003473,0.9614419377904522,2.2252760461126435
SmartMeter_SM_B9_SFA2,2026-03-12,58765.30588235294,14.0,0.059261586120804025,0.6100840599115658,15.955433160393657,0.2973055681114082,0.9596175292301078,2.1878238703974198
SmartMeter_SM_ECOVILLA,2026-02-10,4115.792,9.0,0.0028001529196001085,0.29404125014092064,7.231748330574532,11.109673084896487,0.8227444444444444,13.501359027777779
SmartMeter_SM_ECOVILLA,2026-02-11,2113.12,11.0,0.0019010356940599928,0.3929708461834536,9.701362666476456,11.269268801218134,0.8686930555555555,13.770854620726496
SmartMeter_SM_ECOVILLA,2026-02-12,2291.164,15.0,0.0015157962962665341,0.2886930083476249,11.200663088084411,11.365421785524683,0.8382215277777778,13.817695138888888
SmartMeter_SM_ECOVILLA,2026-02-13,3788.58,9.0,0.002090210122080051,0.2397270748905629,8.466947882277482,11.20209759994862,0.8244631944444444,13.622185902777778
SmartMeter_SM_ECOVILLA,2026-02-14,351.976,7.0,0.0005367596847433141,0.6797481299229999,27.06113213642726,11.455756864664187,0.750207638888889,13.772761215277777
SmartMeter_SM_ECOVILLA,2026-02-15,205.868,13.0,0.00045683431598346583,0.9944026296245921,30.410529315057346,11.430471271741935,0.7192423611111111,13.578594027777777
SmartMeter_SM_ECOVILLA,2026-02-16,790.9833333333332,11.0,0.0007850251894166065,0.4351470040807153,17.754651204682844,11.273487944970986,0.7927354166666666,13.894736041666667
SmartMeter_SM_ECOVILLA,2026-02-17,1008.6125,9.0,0.0010756401829665704,0.4678841188596546,14.003977625462847,11.217504706207697,0.7910354166666668,13.935486041666666
SmartMeter_SM_ECOVILLA,2026-02-18,1925.2458333333332,13.0,0.00138698145525,0.3155616454464329,13.676666462655627,11.220893770882299,0.8399104166666665,13.923062847222221
SmartMeter_SM_ECOVILLA,2026-02-19,1131.4958333333334,14.0,0.0012554845516233285,0.48680009991689954,14.566299218112755,11.26012334697547,0.8097569444444445,13.740501666666667
SmartMeter_SM_ECOVILLA,2026-02-20,4251.744000000001,10.0,0.003127188955440007,0.3190796154659617,6.52196956252868,11.011781479731132,0.8559896739130434,13.378228589975848
SmartMeter_SM_ECOVILLA,2026-02-21,316.4791666666667,6.0,0.0006397043526666064,0.9048237114080704,29.823441686450785,11.471180334670452,0.7737305555555555,13.550999513888888
SmartMeter_SM_ECOVILLA,2026-02-22,289.1125,0.0,0.0006225079121666065,0.9661673896647306,30.407028845272954,11.181337869040666,0.7702097222222223,14.45051097222222
SmartMeter_SM_ECOVILLA,2026-02-23,3732.524,12.0,0.0030655756076348344,0.3556171816060673,6.075832333228001,10.903575560103036,0.8046637077294686,13.326839746376812
SmartMeter_SM_ECOVILLA,2026-02-24,2148.936,14.0,0.001507870410756686,0.30637619746599143,12.197083569293527,11.267718683184095,0.8306159722222223,13.944832291666666
SmartMeter_SM_ECOVILLA,2026-02-25,1211.264,15.0,0.001364495108299964,0.4945657662849167,14.867306345465067,11.276738032729506,0.8657423611111111,14.058036180555554
SmartMeter_SM_ECOVILLA,2026-02-26,1370.632,15.0,0.0013737213584034153,0.4408007891764758,17.1203703910797,11.417254721638587,0.8546346618357488,13.760060884661835
SmartMeter_SM_ECOVILLA,2026-02-27,4551.832,8.0,0.003351765898446693,0.31950959678310714,8.259137585206243,11.106996838301603,0.894488888888889,13.402498263888889
SmartMeter_SM_ECOVILLA,2026-02-28,384.008,7.0,0.0007926653569166064,0.9256666961799407,30.58958523512147,11.564867602248512,0.8220861111111111,13.550286319444444
SmartMeter_SM_ECOVILLA,2026-03-01,370.612,20.0,0.00078998119225,0.956790646512984,30.306135920539763,11.631188630667262,0.8216034722222222,13.26433935897436
SmartMeter_SM_ECOVILLA,2026-03-02,1135.528,13.0,0.0010294317639181797,0.40447079818119136,23.114182254028798,11.556472637540493,0.8488023912756483,13.566559110736515
SmartMeter_SM_ECOVILLA,2026-03-03,1865.1319327731092,15.0,0.0018332734950595154,0.4325658695936999,13.942672253364158,11.334345544851942,0.9007003485879358,13.996320915493621
SmartMeter_SM_ECOVILLA,2026-03-04,1782.9042016806725,12.0,0.002064588836277998,0.512877520214177,18.12661869112687,11.19010846795876,0.915687004758967,14.070448061979823
SmartMeter_SM_ECOVILLA,2026-03-05,1375.720168067227,9.0,0.0015253866999477758,0.49185484446088124,30.06261068241109,11.071731373503297,0.8863414537280428,14.286571960944483
SmartMeter_SM_ECOVILLA,2026-03-06,4509.64705882353,13.0,0.003280234945084576,0.3143554283690782,4.510773688761574,10.826817024141468,0.8116596480754653,13.799046213216373
SmartMeter_SM_ECOVILLA,2026-03-07,372.7890756302521,10.0,0.0007120088373756656,0.8534719736858385,23.009693124781325,11.399080575269851,0.7983819660307975,13.811411023085348
SmartMeter_SM_ECOVILLA,2026-03-08,374.8236842105263,23.0,0.000817377064790053,0.9771667290766332,30.237075025191125,11.365539347454805,0.8235746325997481,13.770184240337976
SmartMeter_SM_ECOVILLA,2026-03-09,1478.0563025210083,8.0,0.0011397315594755756,0.340967722655133,21.360429482100972,11.16805849583465,0.8354524101188402,14.120870063241194
SmartMeter_SM_ECOVILLA,2026-03-10,4436.293277310924,11.0,0.003209546534094031,0.3140325988283595,6.497781020159444,10.87534063723062,0.8395768066326229,13.741463436653953
SmartMeter_SM_ECOVILLA,2026-03-11,1259.1932203389829,8.0,0.0016121276709295505,0.5623868861152572,16.994671985611614,11.211856401035083,0.8674239076870179,14.18510708006051
SmartMeter_SM_ECOVILLA,2026-03-12,1641.728813559322,8.0,0.001317429202091078,0.47862026743644503,11.594114704950883,11.180647552368008,0.8333184302105594,14.084782071735257
