kpi,descripcion,bloque,mes,valor,unidad,estado,umbral_objetivo,umbral_alerta,n_base,fecha_pico,hora_pico,dias_evaluados
KPI-01,Consumo/m2 (mensual),3,2026-01,0.014552681107302807,kWh/m2,SIN_BASE,,,0.0,,,
KPI-01,Consumo/m2 (mensual),3,2026-02,0.6258743502389785,kWh/m2,SIN_BASE,,,1.0,,,
KPI-01,Consumo/m2 (mensual),3,2026-03,0.6843720156269862,kWh/m2,SIN_BASE,,,2.0,,,
KPI-01,Consumo/m2 (mensual),3,2026-04,0.6233772951505677,kWh/m2,SIN_BASE,,,3.0,,,
KPI-01,Consumo/m2 (mensual),3,2026-05,0.780856497491697,kWh/m2,AVISO,0.45295099954379164,0.8032966352936997,4.0,,,
KPI-01,Consumo/m2 (mensual),3,2026-06,0.15954510804126007,kWh/m2,OK,0.507600108168489,0.8495777039910573,5.0,,,
KPI-01,Consumo/m2 (mensual),4,2026-01,0.0423754675588943,kWh/m2,SIN_BASE,,,0.0,,,
KPI-01,Consumo/m2 (mensual),4,2026-02,1.571662794333081,kWh/m2,SIN_BASE,,,1.0,,,
KPI-01,Consumo/m2 (mensual),4,2026-03,1.4343978421691108,kWh/m2,SIN_BASE,,,2.0,,,
KPI-01,Consumo/m2 (mensual),4,2026-04,1.2145092718309132,kWh/m2,SIN_BASE,,,3.0,,,
KPI-01,Consumo/m2 (mensual),4,2026-05,1.5148913125373082,kWh/m2,AVISO,0.9911347998948898,1.7636555706424417,4.0,,,
KPI-01,Consumo/m2 (mensual),4,2026-06,0.30680431988282947,kWh/m2,OK,1.074677624047851,1.7924868556576024,5.0,,,
KPI-01,Consumo/m2 (mensual),5,2026-01,0.04303726273724862,kWh/m2,SIN_BASE,,,0.0,,,
KPI-01,Consumo/m2 (mensual),5,2026-02,1.822089682277907,kWh/m2,SIN_BASE,,,1.0,,,
KPI-01,Consumo/m2 (mensual),5,2026-03,1.6664879448120955,kWh/m2,SIN_BASE,,,2.0,,,
KPI-01,Consumo/m2 (mensual),5,2026-04,1.7549442096404229,kWh/m2,SIN_BASE,,,3.0,,,
KPI-01,Consumo/m2 (mensual),5,2026-05,2.1171791411042538,kWh/m2,AVISO,1.229124990626234,2.1764199585712616,4.0,,,
KPI-01,Consumo/m2 (mensual),5,2026-06,0.43680443909647154,kWh/m2,OK,1.3770953127463785,2.302065764611814,5.0,,,
KPI-01,Consumo/m2 (mensual),7,2026-01,0.24395051939475149,kWh/m2,SIN_BASE,,,0.0,,,
KPI-01,Consumo/m2 (mensual),7,2026-02,7.028404687944404,kWh/m2,SIN_BASE,,,1.0,,,
KPI-01,Consumo/m2 (mensual),7,2026-03,6.961548673089981,kWh/m2,SIN_BASE,,,2.0,,,
KPI-01,Consumo/m2 (mensual),7,2026-04,5.673822409779391,kWh/m2,SIN_BASE,,,3.0,,,
KPI-01,Consumo/m2 (mensual),7,2026-05,7.923580478683456,kWh/m2,AVISO,4.628546362473482,8.193244858882853,4.0,,,
KPI-01,Consumo/m2 (mensual),7,2026-06,1.3899310469137955,kWh/m2,OK,5.176623059013909,8.647665469124457,5.0,,,
KPI-01,Consumo/m2 (mensual),8,2026-01,0.12790278683669593,kWh/m2,SIN_BASE,,,0.0,,,
KPI-01,Consumo/m2 (mensual),8,2026-02,3.431810866669669,kWh/m2,SIN_BASE,,,1.0,,,
KPI-01,Consumo/m2 (mensual),8,2026-03,3.6899338242614332,kWh/m2,SIN_BASE,,,2.0,,,
KPI-01,Consumo/m2 (mensual),8,2026-04,3.558126539853789,kWh/m2,SIN_BASE,,,3.0,,,
KPI-01,Consumo/m2 (mensual),8,2026-05,4.465321886882402,kWh/m2,ALERTA,2.5128074590970186,4.421203640289343,4.0,,,
KPI-01,Consumo/m2 (mensual),8,2026-06,0.7688158427621278,kWh/m2,OK,2.840795838237742,4.73949075615133,5.0,,,
KPI-01,Consumo/m2 (mensual),10,2026-01,0.018091826987631815,kWh/m2,SIN_BASE,,,0.0,,,
KPI-01,Consumo/m2 (mensual),10,2026-02,0.8189712092069156,kWh/m2,SIN_BASE,,,1.0,,,
KPI-01,Consumo/m2 (mensual),10,2026-03,0.6998218496837,kWh/m2,SIN_BASE,,,2.0,,,
KPI-01,Consumo/m2 (mensual),10,2026-04,0.7074461250457214,kWh/m2,SIN_BASE,,,3.0,,,
KPI-01,Consumo/m2 (mensual),10,2026-05,0.8450329871831366,kWh/m2,AVISO,0.5218069600398226,0.927150312616577,4.0,,,
KPI-01,Consumo/m2 (mensual),10,2026-06,0.14794205813796457,kWh/m2,OK,0.5746217036479215,0.9593836207230739,5.0,,,
KPI-01,Consumo/m2 (mensual),12,2026-01,0.06165340099464794,kWh/m2,SIN_BASE,,,0.0,,,
KPI-01,Consumo/m2 (mensual),12,2026-02,2.023725537806063,kWh/m2,SIN_BASE,,,1.0,,,
KPI-01,Consumo/m2 (mensual),12,2026-03,1.9237891151257756,kWh/m2,SIN_BASE,,,2.0,,,
KPI-01,Consumo/m2 (mensual),12,2026-04,1.6915180435464225,kWh/m2,SIN_BASE,,,3.0,,,
KPI-01,Consumo/m2 (mensual),12,2026-05,1.9576578103541558,kWh/m2,AVISO,1.3254095176624512,2.344774436836783,4.0,,,
KPI-01,Consumo/m2 (mensual),12,2026-06,0.2792462128054186,kWh/m2,OK,1.424451966855834,2.362909099655257,5.0,,,
KPI-01,Consumo/m2 (mensual),15,2026-01,0.0,kWh/m2,SIN_BASE,,,0.0,,,
KPI-01,Consumo/m2 (mensual),15,2026-03,2.330114641635666,kWh/m2,SIN_BASE,,,1.0,,,
KPI-01,Consumo/m2 (mensual),15,2026-04,2.368326384192714,kWh/m2,SIN_BASE,,,2.0,,,
KPI-01,Consumo/m2 (mensual),15,2026-05,3.1090866627978144,kWh/m2,SIN_BASE,,,3.0,,,
KPI-01,Consumo/m2 (mensual),15,2026-06,0.5713957022618613,kWh/m2,OK,1.8152501876055902,3.3016290379587794,4.0,,,
KPI-01,Consumo/m2 (mensual),17,2026-01,0.038438874464986506,kWh/m2,SIN_BASE,,,0.0,,,
KPI-01,Consumo/m2 (mensual),17,2026-02,0.6124274280044636,kWh/m2,SIN_BASE,,,1.0,,,
KPI-01,Consumo/m2 (mensual),17,2026-03,0.5917458030705952,kWh/m2,SIN_BASE,,,2.0,,,
KPI-01,Consumo/m2 (mensual),17,2026-04,0.5080259394442145,kWh/m2,SIN_BASE,,,3.0,,,
KPI-01,Consumo/m2 (mensual),17,2026-05,0.7049350661309989,kWh/m2,AVISO,0.4070233454588404,0.7076070129975227,4.0,,,
KPI-01,Consumo/m2 (mensual),17,2026-06,0.10663981405637304,kWh/m2,OK,0.45673659866743804,0.7536807752668129,5.0,,,
KPI-01,Consumo/m2 (mensual),18,2026-01,0.020203358445501425,kWh/m2,SIN_BASE,,,0.0,,,
KPI-01,Consumo/m2 (mensual),18,2026-02,0.5926107761512598,kWh/m2,SIN_BASE,,,1.0,,,
KPI-01,Consumo/m2 (mensual),18,2026-03,0.6161157398709545,kWh/m2,SIN_BASE,,,2.0,,,
KPI-01,Consumo/m2 (mensual),18,2026-04,0.5808982520981386,kWh/m2,SIN_BASE,,,3.0,,,
KPI-01,Consumo/m2 (mensual),18,2026-05,0.6888845528545028,kWh/m2,AVISO,0.4207850394265611,0.7409979761555623,4.0,,,
KPI-01,Consumo/m2 (mensual),18,2026-06,0.12322677382687289,kWh/m2,OK,0.4647605583721864,0.7710753611249637,5.0,,,
KPI-01,Consumo/m2 (mensual),9.1,2026-01,0.23581512040744215,kWh/m2,SIN_BASE,,,0.0,,,
KPI-01,Consumo/m2 (mensual),9.1,2026-02,7.776727091936582,kWh/m2,SIN_BASE,,,1.0,,,
KPI-01,Consumo/m2 (mensual),9.1,2026-03,7.225907644199551,kWh/m2,SIN_BASE,,,2.0,,,
KPI-01,Consumo/m2 (mensual),9.1,2026-04,6.249257381854699,kWh/m2,SIN_BASE,,,3.0,,,
KPI-01,Consumo/m2 (mensual),9.1,2026-05,6.459076198312921,kWh/m2,AVISO,4.995891932927598,8.853768350597747,4.0,,,
KPI-01,Consumo/m2 (mensual),9.1,2026-06,1.0080880579730438,kWh/m2,OK,5.198101719228282,8.643664161409216,5.0,,,
KPI-01,Consumo/m2 (mensual),9.2,2026-01,0.16157129134761283,kWh/m2,SIN_BASE,,,0.0,,,
KPI-01,Consumo/m2 (mensual),9.2,2026-02,4.545228060953889,kWh/m2,SIN_BASE,,,1.0,,,
KPI-01,Consumo/m2 (mensual),9.2,2026-03,4.973981669268714,kWh/m2,SIN_BASE,,,2.0,,,
KPI-01,Consumo/m2 (mensual),9.2,2026-04,4.302305159380646,kWh/m2,SIN_BASE,,,3.0,,,
KPI-01,Consumo/m2 (mensual),9.2,2026-05,6.279718501940349,kWh/m2,ALERTA,3.2510675370710755,5.73584981417909,4.0,,,
KPI-01,Consumo/m2 (mensual),9.2,2026-06,0.9853800996361854,kWh/m2,OK,3.768881671017765,6.357671588973114,5.0,,,
KPI-02,Intensidad/usuario DEMO,CAMPUS_TOTAL,2026-01,1.578264156808239,kWh/usuario,DEMO — N_usuarios sin confirmar,,,0.0,,,
KPI-02,Intensidad/usuario DEMO,CAMPUS_TOTAL,2026-02,49.38231401095033,kWh/usuario,DEMO — N_usuarios sin confirmar,,,1.0,,,
KPI-02,Intensidad/usuario DEMO,CAMPUS_TOTAL,2026-03,53.58063535381444,kWh/usuario,DEMO — N_usuarios sin confirmar,,,2.0,,,
KPI-02,Intensidad/usuario DEMO,CAMPUS_TOTAL,2026-04,48.77880602640805,kWh/usuario,DEMO — N_usuarios sin confirmar,,,3.0,,,
KPI-02,Intensidad/usuario DEMO,CAMPUS_TOTAL,2026-05,61.30114695558187,kWh/usuario,DEMO — N_usuarios sin confirmar,35.646904544905595,62.92406350933206,4.0,,,
KPI-02,Intensidad/usuario DEMO,CAMPUS_TOTAL,2026-06,10.789489835289068,kWh/usuario,DEMO — N_usuarios sin confirmar,39.9195369696627,66.57133593985724,5.0,,,
KPI-03,Pico demanda (mensual),3,2026-01,4.446284,kW,SIN_BASE,,,0.0,2026-01-31,11.0,
KPI-03,Pico demanda (mensual),3,2026-02,11.788720833333333,kW,SIN_BASE,,,1.0,2026-02-26,14.0,
KPI-03,Pico demanda (mensual),3,2026-03,15.117064705882353,kW,SIN_BASE,,,2.0,2026-03-13,14.0,
KPI-03,Pico demanda (mensual),3,2026-04,13.48600341880342,kW,SIN_BASE,,,3.0,2026-04-13,14.0,
KPI-03,Pico demanda (mensual),3,2026-05,16.239410084033615,kW,ALERTA,10.42485196273944,15.918662435696326,4.0,2026-05-27,14.0,
KPI-03,Pico demanda (mensual),3,2026-06,13.973093162393159,kW,AVISO,11.360411845821805,16.87296283898323,5.0,2026-06-04,14.0,
KPI-03,Pico demanda (mensual),4,2026-01,19.21475384615385,kW,SIN_BASE,,,0.0,2026-01-31,13.0,
KPI-03,Pico demanda (mensual),4,2026-02,59.2032375,kW,SIN_BASE,,,1.0,2026-02-10,10.0,
KPI-03,Pico demanda (mensual),4,2026-03,61.013884000000004,kW,SIN_BASE,,,2.0,2026-03-02,11.0,
KPI-03,Pico demanda (mensual),4,2026-04,54.25255882352941,kW,SIN_BASE,,,3.0,2026-04-07,11.0,
KPI-03,Pico demanda (mensual),4,2026-05,63.45690254237288,kW,AVISO,45.03163094445136,68.10061789951669,4.0,2026-05-28,12.0,
KPI-03,Pico demanda (mensual),4,2026-06,53.5271512605042,kW,AVISO,47.828288628442444,69.74976664360973,5.0,2026-06-03,12.0,
KPI-03,Pico demanda (mensual),5,2026-01,21.148776923076923,kW,SIN_BASE,,,0.0,2026-01-30,19.0,
KPI-03,Pico demanda (mensual),5,2026-02,71.91795599999999,kW,SIN_BASE,,,1.0,2026-02-23,10.0,
KPI-03,Pico demanda (mensual),5,2026-03,72.22458305084746,kW,SIN_BASE,,,2.0,2026-03-18,10.0,
KPI-03,Pico demanda (mensual),5,2026-04,80.01965508474576,kW,SIN_BASE,,,3.0,2026-04-15,10.0,
KPI-03,Pico demanda (mensual),5,2026-05,85.8298564102564,kW,AVISO,57.0348007711408,88.37480438494663,4.0,2026-05-11,12.0,
KPI-03,Pico demanda (mensual),5,2026-06,79.24861440677965,kW,AVISO,61.592193909220335,92.08794838805284,5.0,2026-06-02,11.0,
KPI-03,Pico demanda (mensual),7,2026-01,50.679884,kW,SIN_BASE,,,0.0,2026-01-31,12.0,
KPI-03,Pico demanda (mensual),7,2026-02,82.922076,kW,SIN_BASE,,,1.0,2026-02-27,13.0,
KPI-03,Pico demanda (mensual),7,2026-03,77.861324,kW,SIN_BASE,,,2.0,2026-03-02,13.0,
KPI-03,Pico demanda (mensual),7,2026-04,81.13974369747899,kW,SIN_BASE,,,3.0,2026-04-07,14.0,
KPI-03,Pico demanda (mensual),7,2026-05,92.22329152542373,kW,ALERTA,68.03020393966386,88.27724757593722,4.0,2026-05-20,13.0,
KPI-03,Pico demanda (mensual),7,2026-06,81.6005932773109,kW,AVISO,71.57769537545991,92.59729361667506,5.0,2026-06-03,9.0,
KPI-03,Pico demanda (mensual),8,2026-01,23.414191999999996,kW,SIN_BASE,,,0.0,2026-01-31,12.0,
KPI-03,Pico demanda (mensual),8,2026-02,54.01090400000001,kW,SIN_BASE,,,1.0,2026-02-12,11.0,
KPI-03,Pico demanda (mensual),8,2026-03,57.65847899159664,kW,SIN_BASE,,,2.0,2026-03-25,15.0,
KPI-03,Pico demanda (mensual),8,2026-04,63.49910672268907,kW,SIN_BASE,,,3.0,2026-04-14,9.0,
KPI-03,Pico demanda (mensual),8,2026-05,63.83944033613446,kW,AVISO,46.170473498571425,67.56464103613891,4.0,2026-05-07,15.0,
KPI-03,Pico demanda (mensual),8,2026-06,60.06831610169492,kW,AVISO,48.810514701378146,69.25075231943612,5.0,2026-06-03,11.0,
KPI-03,Pico demanda (mensual),10,2026-01,20.96334230769231,kW,SIN_BASE,,,0.0,2026-01-31,13.0,
KPI-03,Pico demanda (mensual),10,2026-02,39.388084,kW,SIN_BASE,,,1.0,2026-02-11,14.0,
KPI-03,Pico demanda (mensual),10,2026-03,39.13730084033613,kW,SIN_BASE,,,2.0,2026-03-11,16.0,
KPI-03,Pico demanda (mensual),10,2026-04,42.19436440677966,kW,SIN_BASE,,,3.0,2026-04-09,15.0,
KPI-03,Pico demanda (mensual),10,2026-05,38.288454621848736,kW,AVISO,32.94131878649288,45.15817463878564,4.0,2026-05-27,16.0,
KPI-03,Pico demanda (mensual),10,2026-06,30.812787179487177,kW,OK,33.474707588858166,44.524107845874475,5.0,2026-06-05,15.0,
KPI-03,Pico demanda (mensual),12,2026-01,11.683938461538462,kW,SIN_BASE,,,0.0,2026-01-30,19.0,
KPI-03,Pico demanda (mensual),12,2026-02,20.946212,kW,SIN_BASE,,,1.0,2026-02-20,16.0,
KPI-03,Pico demanda (mensual),12,2026-03,19.47122307692308,kW,SIN_BASE,,,2.0,2026-03-24,14.0,
KPI-03,Pico demanda (mensual),12,2026-04,19.73810084033613,kW,SIN_BASE,,,3.0,2026-04-25,9.0,
KPI-03,Pico demanda (mensual),12,2026-05,22.064344915254242,kW,AVISO,16.702677793070457,22.192749735682067,4.0,2026-05-22,17.0,
KPI-03,Pico demanda (mensual),12,2026-06,13.556447899159664,kW,OK,17.466110388693654,22.880435460105293,5.0,2026-06-05,18.0,
KPI-03,Pico demanda (mensual),15,2026-01,52.953199999999995,kW,SIN_BASE,,,0.0,2026-01-30,19.0,
KPI-03,Pico demanda (mensual),15,2026-03,64.89446470588236,kW,SIN_BASE,,,1.0,2026-03-17,14.0,
KPI-03,Pico demanda (mensual),15,2026-04,71.5540372881356,kW,SIN_BASE,,,2.0,2026-04-28,14.0,
KPI-03,Pico demanda (mensual),15,2026-05,69.39678403361344,kW,SIN_BASE,,,3.0,2026-05-21,14.0,
KPI-03,Pico demanda (mensual),15,2026-06,65.14562372881355,kW,AVISO,60.17064800142429,73.00750398068669,4.0,2026-06-03,9.0,
KPI-03,Pico demanda (mensual),17,2026-01,15.962842307692307,kW,SIN_BASE,,,0.0,2026-01-30,19.0,
KPI-03,Pico demanda (mensual),17,2026-02,16.717584,kW,SIN_BASE,,,1.0,2026-02-13,17.0,
KPI-03,Pico demanda (mensual),17,2026-03,15.787555462184876,kW,SIN_BASE,,,2.0,2026-03-16,18.0,
KPI-03,Pico demanda (mensual),17,2026-04,16.746557983193277,kW,SIN_BASE,,,3.0,2026-04-23,18.0,
KPI-03,Pico demanda (mensual),17,2026-05,16.414963025210085,kW,AVISO,15.162380492588879,16.803639035625363,4.0,2026-05-18,19.0,
KPI-03,Pico demanda (mensual),17,2026-06,12.69282033898305,kW,OK,15.18308751676018,16.761769643364055,5.0,2026-06-05,17.0,
KPI-03,Pico demanda (mensual),18,2026-01,61.497600000000006,kW,SIN_BASE,,,0.0,2026-01-30,19.0,
KPI-03,Pico demanda (mensual),18,2026-02,71.5055,kW,SIN_BASE,,,1.0,2026-02-13,19.0,
KPI-03,Pico demanda (mensual),18,2026-03,72.32001764705882,kW,SIN_BASE,,,2.0,2026-03-16,18.0,
KPI-03,Pico demanda (mensual),18,2026-04,76.77654705882354,kW,SIN_BASE,,,3.0,2026-04-16,19.0,
KPI-03,Pico demanda (mensual),18,2026-05,71.72814406779662,kW,AVISO,65.58817204411764,76.9736695434357,4.0,2026-05-06,18.0,
KPI-03,Pico demanda (mensual),18,2026-06,62.56006806722689,kW,OK,65.81197243190428,76.37620935217505,5.0,2026-06-05,20.0,
KPI-03,Pico demanda (mensual),9.1,2026-01,46.88358,kW,SIN_BASE,,,0.0,2026-01-31,10.0,
KPI-03,Pico demanda (mensual),9.1,2026-02,83.828848,kW,SIN_BASE,,,1.0,2026-02-12,16.0,
KPI-03,Pico demanda (mensual),9.1,2026-03,82.00038813559323,kW,SIN_BASE,,,2.0,2026-03-12,16.0,
KPI-03,Pico demanda (mensual),9.1,2026-04,83.05976386554622,kW,SIN_BASE,,,3.0,2026-04-15,10.0,
KPI-03,Pico demanda (mensual),9.1,2026-05,74.54567542372881,kW,AVISO,68.7671248502649,91.99842205233745,4.0,2026-05-07,16.0,
KPI-03,Pico demanda (mensual),9.1,2026-06,42.295268644067804,kW,OK,68.8791955090255,89.70230130332747,5.0,2026-06-02,8.0,
KPI-03,Pico demanda (mensual),9.2,2026-01,37.324124000000005,kW,SIN_BASE,,,0.0,2026-01-31,12.0,
KPI-03,Pico demanda (mensual),9.2,2026-02,82.95682000000001,kW,SIN_BASE,,,1.0,2026-02-12,16.0,
KPI-03,Pico demanda (mensual),9.2,2026-03,80.84241512605043,kW,SIN_BASE,,,2.0,2026-03-16,16.0,
KPI-03,Pico demanda (mensual),9.2,2026-04,98.61376806722687,kW,SIN_BASE,,,3.0,2026-04-27,14.0,
KPI-03,Pico demanda (mensual),9.2,2026-05,131.58021428571428,kW,ALERTA,69.68888207243697,101.2307276810461,4.0,2026-05-20,14.0,
KPI-03,Pico demanda (mensual),9.2,2026-06,56.740968067226895,kW,OK,80.22502551509243,120.3278137763838,5.0,2026-06-02,14.0,
KPI-03,Pico demanda (mensual),Ecovilla,2026-01,0.5242230769230769,kW,SIN_BASE,,,0.0,2026-01-30,19.0,
KPI-03,Pico demanda (mensual),Ecovilla,2026-02,4.551832,kW,SIN_BASE,,,1.0,2026-02-27,8.0,
KPI-03,Pico demanda (mensual),Ecovilla,2026-03,5.271500847457627,kW,SIN_BASE,,,2.0,2026-03-16,15.0,
KPI-03,Pico demanda (mensual),Ecovilla,2026-04,5.231152941176471,kW,SIN_BASE,,,3.0,2026-04-07,14.0,
KPI-03,Pico demanda (mensual),Ecovilla,2026-05,5.89877372881356,kW,AVISO,3.622049811242043,6.165772707547763,4.0,2026-05-22,14.0,
KPI-03,Pico demanda (mensual),Ecovilla,2026-06,1.6790245762711864,kW,OK,3.9948117625529567,6.456904998012801,5.0,2026-06-05,15.0,
KPI-04,Ahorro energetico DEMO,3,2026-01,2.912621359223311,%,DEMO,,,0.0,,,
KPI-04,Ahorro energetico DEMO,3,2026-02,2.912621359223311,%,DEMO,,,1.0,,,
KPI-04,Ahorro energetico DEMO,3,2026-03,2.912621359223311,%,DEMO,,,2.0,,,
KPI-04,Ahorro energetico DEMO,3,2026-04,2.912621359223311,%,DEMO,,,3.0,,,
KPI-04,Ahorro energetico DEMO,3,2026-05,2.912621359223311,%,DEMO,3.1165048543689426,2.912621359223311,4.0,,,
KPI-04,Ahorro energetico DEMO,3,2026-06,2.9126213592232997,%,DEMO,3.1165048543689426,2.912621359223311,5.0,,,
KPI-04,Ahorro energetico DEMO,4,2026-01,2.912621359223311,%,DEMO,,,0.0,,,
KPI-04,Ahorro energetico DEMO,4,2026-02,2.912621359223311,%,DEMO,,,1.0,,,
KPI-04,Ahorro energetico DEMO,4,2026-03,2.9126213592232997,%,DEMO,,,2.0,,,
KPI-04,Ahorro energetico DEMO,4,2026-04,2.912621359223311,%,DEMO,,,3.0,,,
KPI-04,Ahorro energetico DEMO,4,2026-05,2.9126213592232997,%,DEMO,3.11650485436894,2.9126213592233023,4.0,,,
KPI-04,Ahorro energetico DEMO,4,2026-06,2.9126213592232997,%,DEMO,3.1165048543689378,2.9126213592233,5.0,,,
KPI-04,Ahorro energetico DEMO,5,2026-01,2.9126213592232997,%,DEMO,,,0.0,,,
KPI-04,Ahorro energetico DEMO,5,2026-02,2.9126213592232997,%,DEMO,,,1.0,,,
KPI-04,Ahorro energetico DEMO,5,2026-03,2.912621359223311,%,DEMO,,,2.0,,,
KPI-04,Ahorro energetico DEMO,5,2026-04,2.912621359223311,%,DEMO,,,3.0,,,
KPI-04,Ahorro energetico DEMO,5,2026-05,2.9126213592232997,%,DEMO,3.1165048543689364,2.9126213592232983,4.0,,,
KPI-04,Ahorro energetico DEMO,5,2026-06,2.912621359223311,%,DEMO,3.1165048543689355,2.912621359223298,5.0,,,
KPI-04,Ahorro energetico DEMO,7,2026-01,2.9126213592232997,%,DEMO,,,0.0,,,
KPI-04,Ahorro energetico DEMO,7,2026-02,2.9126213592232997,%,DEMO,,,1.0,,,
KPI-04,Ahorro energetico DEMO,7,2026-03,2.9126213592232997,%,DEMO,,,2.0,,,
KPI-04,Ahorro energetico DEMO,7,2026-04,2.9126213592232997,%,DEMO,,,3.0,,,
KPI-04,Ahorro energetico DEMO,7,2026-05,2.9126213592232997,%,DEMO,3.1165048543689307,2.9126213592232997,4.0,,,
KPI-04,Ahorro energetico DEMO,7,2026-06,2.9126213592232997,%,DEMO,3.1165048543689307,2.9126213592232997,5.0,,,
KPI-04,Ahorro energetico DEMO,8,2026-01,2.912621359223311,%,DEMO,,,0.0,,,
KPI-04,Ahorro energetico DEMO,8,2026-02,2.9126213592232997,%,DEMO,,,1.0,,,
KPI-04,Ahorro energetico DEMO,8,2026-03,2.9126213592232997,%,DEMO,,,2.0,,,
KPI-04,Ahorro energetico DEMO,8,2026-04,2.9126213592232997,%,DEMO,,,3.0,,,
KPI-04,Ahorro energetico DEMO,8,2026-05,2.9126213592232997,%,DEMO,3.1165048543689338,2.912621359223297,4.0,,,
KPI-04,Ahorro energetico DEMO,8,2026-06,2.9126213592232997,%,DEMO,3.1165048543689333,2.912621359223297,5.0,,,
KPI-04,Ahorro energetico DEMO,10,2026-01,2.912621359223311,%,DEMO,,,0.0,,,
KPI-04,Ahorro energetico DEMO,10,2026-02,2.912621359223311,%,DEMO,,,1.0,,,
KPI-04,Ahorro energetico DEMO,10,2026-03,2.912621359223311,%,DEMO,,,2.0,,,
KPI-04,Ahorro energetico DEMO,10,2026-04,2.9126213592232997,%,DEMO,,,3.0,,,
KPI-04,Ahorro energetico DEMO,10,2026-05,2.9126213592232997,%,DEMO,3.11650485436894,2.9126213592233023,4.0,,,
KPI-04,Ahorro energetico DEMO,10,2026-06,2.9126213592232997,%,DEMO,3.1165048543689378,2.9126213592233,5.0,,,
KPI-04,Ahorro energetico DEMO,12,2026-01,2.912621359223311,%,DEMO,,,0.0,,,
KPI-04,Ahorro energetico DEMO,12,2026-02,2.9126213592232997,%,DEMO,,,1.0,,,
KPI-04,Ahorro energetico DEMO,12,2026-03,2.9126213592232997,%,DEMO,,,2.0,,,
KPI-04,Ahorro energetico DEMO,12,2026-04,2.9126213592232997,%,DEMO,,,3.0,,,
KPI-04,Ahorro energetico DEMO,12,2026-05,2.912621359223311,%,DEMO,3.1165048543689338,2.912621359223297,4.0,,,
KPI-04,Ahorro energetico DEMO,12,2026-06,2.912621359223311,%,DEMO,3.1165048543689355,2.912621359223298,5.0,,,
KPI-04,Ahorro energetico DEMO,15,2026-01,,%,DEMO,,,0.0,,,
KPI-04,Ahorro energetico DEMO,15,2026-03,2.9126213592232997,%,DEMO,,,0.0,,,
KPI-04,Ahorro energetico DEMO,15,2026-04,2.912621359223311,%,DEMO,,,1.0,,,
KPI-04,Ahorro energetico DEMO,15,2026-05,2.9126213592232997,%,DEMO,,,2.0,,,
KPI-04,Ahorro energetico DEMO,15,2026-06,2.912621359223311,%,DEMO,,,3.0,,,
KPI-04,Ahorro energetico DEMO,17,2026-01,2.912621359223311,%,DEMO,,,0.0,,,
KPI-04,Ahorro energetico DEMO,17,2026-02,2.9126213592232997,%,DEMO,,,1.0,,,
KPI-04,Ahorro energetico DEMO,17,2026-03,2.9126213592232997,%,DEMO,,,2.0,,,
KPI-04,Ahorro energetico DEMO,17,2026-04,2.9126213592232997,%,DEMO,,,3.0,,,
KPI-04,Ahorro energetico DEMO,17,2026-05,2.912621359223311,%,DEMO,3.1165048543689338,2.912621359223297,4.0,,,
KPI-04,Ahorro energetico DEMO,17,2026-06,2.912621359223311,%,DEMO,3.1165048543689355,2.912621359223298,5.0,,,
KPI-04,Ahorro energetico DEMO,18,2026-01,2.912621359223311,%,DEMO,,,0.0,,,
KPI-04,Ahorro energetico DEMO,18,2026-02,2.9126213592232997,%,DEMO,,,1.0,,,
KPI-04,Ahorro energetico DEMO,18,2026-03,2.9126213592232997,%,DEMO,,,2.0,,,
KPI-04,Ahorro energetico DEMO,18,2026-04,2.9126213592232997,%,DEMO,,,3.0,,,
KPI-04,Ahorro energetico DEMO,18,2026-05,2.912621359223311,%,DEMO,3.1165048543689338,2.912621359223297,4.0,,,
KPI-04,Ahorro energetico DEMO,18,2026-06,2.912621359223311,%,DEMO,3.1165048543689355,2.912621359223298,5.0,,,
KPI-04,Ahorro energetico DEMO,9.1,2026-01,2.9126213592232997,%,DEMO,,,0.0,,,
KPI-04,Ahorro energetico DEMO,9.1,2026-02,2.9126213592232997,%,DEMO,,,1.0,,,
KPI-04,Ahorro energetico DEMO,9.1,2026-03,2.912621359223311,%,DEMO,,,2.0,,,
KPI-04,Ahorro energetico DEMO,9.1,2026-04,2.9126213592232997,%,DEMO,,,3.0,,,
KPI-04,Ahorro energetico DEMO,9.1,2026-05,2.9126213592232997,%,DEMO,3.1165048543689338,2.9126213592232966,4.0,,,
KPI-04,Ahorro energetico DEMO,9.1,2026-06,2.9126213592232997,%,DEMO,3.1165048543689333,2.912621359223297,5.0,,,
KPI-04,Ahorro energetico DEMO,9.2,2026-01,2.9126213592232997,%,DEMO,,,0.0,,,
KPI-04,Ahorro energetico DEMO,9.2,2026-02,2.912621359223311,%,DEMO,,,1.0,,,
KPI-04,Ahorro energetico DEMO,9.2,2026-03,2.9126213592232997,%,DEMO,,,2.0,,,
KPI-04,Ahorro energetico DEMO,9.2,2026-04,2.912621359223311,%,DEMO,,,3.0,,,
KPI-04,Ahorro energetico DEMO,9.2,2026-05,2.912621359223311,%,DEMO,3.1165048543689364,2.9126213592232983,4.0,,,
KPI-04,Ahorro energetico DEMO,9.2,2026-06,2.9126213592232997,%,DEMO,3.1165048543689378,2.9126213592233,5.0,,,
KPI-04,Ahorro energetico DEMO,Ecovilla,2026-01,2.912621359223311,%,DEMO,,,0.0,,,
KPI-04,Ahorro energetico DEMO,Ecovilla,2026-02,2.9126213592232997,%,DEMO,,,1.0,,,
KPI-04,Ahorro energetico DEMO,Ecovilla,2026-03,2.912621359223311,%,DEMO,,,2.0,,,
KPI-04,Ahorro energetico DEMO,Ecovilla,2026-04,2.9126213592232997,%,DEMO,,,3.0,,,
KPI-04,Ahorro energetico DEMO,Ecovilla,2026-05,2.9126213592232997,%,DEMO,3.1165048543689364,2.912621359223299,4.0,,,
KPI-04,Ahorro energetico DEMO,Ecovilla,2026-06,2.912621359223311,%,DEMO,3.1165048543689355,2.912621359223298,5.0,,,
KPI-05,Emisiones CO2 (mensual),3,2026-01,0.00674688456383381,tCO2e,SIN_BASE,,,0.0,,,
KPI-05,Emisiones CO2 (mensual),3,2026-02,0.2901665996383202,tCO2e,SIN_BASE,,,1.0,,,
KPI-05,Emisiones CO2 (mensual),3,2026-03,0.31728716888027303,tCO2e,SIN_BASE,,,2.0,,,
KPI-05,Emisiones CO2 (mensual),3,2026-04,0.2890089200116714,tCO2e,SIN_BASE,,,3.0,,,
KPI-05,Emisiones CO2 (mensual),3,2026-05,0.36201910910095525,tCO2e,AVISO,0.20999622574437787,0.3724227603752664,4.0,,,
KPI-05,Emisiones CO2 (mensual),3,2026-06,0.07396798010908115,tCO2e,OK,0.23533253488827996,0.3938794957829598,5.0,,,
KPI-05,Emisiones CO2 (mensual),4,2026-01,0.042385845650750716,tCO2e,SIN_BASE,,,0.0,,,
KPI-05,Emisiones CO2 (mensual),4,2026-02,1.5720477071561485,tCO2e,SIN_BASE,,,1.0,,,
KPI-05,Emisiones CO2 (mensual),4,2026-03,1.4347491377045287,tCO2e,SIN_BASE,,,2.0,,,
KPI-05,Emisiones CO2 (mensual),4,2026-04,1.2148067148919488,tCO2e,SIN_BASE,,,3.0,,,
KPI-05,Emisiones CO2 (mensual),4,2026-05,1.515262321569177,tCO2e,AVISO,0.9913775367562851,1.7640875040362096,4.0,,,
KPI-05,Emisiones CO2 (mensual),4,2026-06,0.30687945872133937,tCO2e,OK,1.074940821216895,1.7929258500642975,5.0,,,
KPI-05,Emisiones CO2 (mensual),5,2026-01,0.04179092726423974,tCO2e,SIN_BASE,,,0.0,,,
KPI-05,Emisiones CO2 (mensual),5,2026-02,1.7693229666089536,tCO2e,SIN_BASE,,,1.0,,,
KPI-05,Emisiones CO2 (mensual),5,2026-03,1.618227369932101,tCO2e,SIN_BASE,,,2.0,,,
KPI-05,Emisiones CO2 (mensual),5,2026-04,1.7041219899518707,tCO2e,SIN_BASE,,,3.0,,,
KPI-05,Emisiones CO2 (mensual),5,2026-05,2.0558667969065616,tCO2e,AVISO,1.193530206498541,2.113392032862033,4.0,,,
KPI-05,Emisiones CO2 (mensual),5,2026-06,0.4241548226341657,tCO2e,OK,1.337215389423453,2.2353992054221243,5.0,,,
KPI-05,Emisiones CO2 (mensual),7,2026-01,0.11442617793162702,tCO2e,SIN_BASE,,,0.0,,,
KPI-05,Emisiones CO2 (mensual),7,2026-02,3.2967074117879935,tCO2e,SIN_BASE,,,1.0,,,
KPI-05,Emisiones CO2 (mensual),7,2026-03,3.2653482727686884,tCO2e,SIN_BASE,,,2.0,,,
KPI-05,Emisiones CO2 (mensual),7,2026-04,2.6613340042260942,tCO2e,SIN_BASE,,,3.0,,,
KPI-05,Emisiones CO2 (mensual),7,2026-05,3.7165939714285607,tCO2e,AVISO,2.1710421890110987,3.8430813608675116,4.0,,,
KPI-05,Emisiones CO2 (mensual),7,2026-06,0.6519539195138617,tCO2e,OK,2.428120229894591,4.056229558839427,5.0,,,
KPI-05,Emisiones CO2 (mensual),8,2026-01,0.04760626736137482,tCO2e,SIN_BASE,,,0.0,,,
KPI-05,Emisiones CO2 (mensual),8,2026-02,1.2773428139681036,tCO2e,SIN_BASE,,,1.0,,,
KPI-05,Emisiones CO2 (mensual),8,2026-03,1.373417894387671,tCO2e,SIN_BASE,,,2.0,,,
KPI-05,Emisiones CO2 (mensual),8,2026-04,1.3243583470793021,tCO2e,SIN_BASE,,,3.0,,,
KPI-05,Emisiones CO2 (mensual),8,2026-05,1.662022484880938,tCO2e,ALERTA,0.9352836375501749,1.6456013802688403,4.0,,,
KPI-05,Emisiones CO2 (mensual),8,2026-06,0.2861583665798102,tCO2e,OK,1.0573630922279944,1.7640699602752556,5.0,,,
KPI-05,Emisiones CO2 (mensual),10,2026-01,0.020130871107870704,tCO2e,SIN_BASE,,,0.0,,,
KPI-05,Emisiones CO2 (mensual),10,2026-02,0.9112735747955267,tCO2e,SIN_BASE,,,1.0,,,
KPI-05,Emisiones CO2 (mensual),10,2026-03,0.7786954553614335,tCO2e,SIN_BASE,,,2.0,,,
KPI-05,Emisiones CO2 (mensual),10,2026-04,0.7871790266839259,tCO2e,SIN_BASE,,,3.0,,,
KPI-05,Emisiones CO2 (mensual),10,2026-05,0.9402726523148901,tCO2e,AVISO,0.5806173507480858,1.0316450325147324,4.0,,,
KPI-05,Emisiones CO2 (mensual),10,2026-06,0.16461590672100052,tCO2e,OK,0.6393845939290382,1.0675112040913108,5.0,,,
KPI-05,Emisiones CO2 (mensual),12,2026-01,0.017040546256024827,tCO2e,SIN_BASE,,,0.0,,,
KPI-05,Emisiones CO2 (mensual),12,2026-02,0.5593428437058415,tCO2e,SIN_BASE,,,1.0,,,
KPI-05,Emisiones CO2 (mensual),12,2026-03,0.5317211520250709,tCO2e,SIN_BASE,,,2.0,,,
KPI-05,Emisiones CO2 (mensual),12,2026-04,0.46752313739278784,tCO2e,SIN_BASE,,,3.0,,,
KPI-05,Emisiones CO2 (mensual),12,2026-05,0.5410822101071792,tCO2e,AVISO,0.36633343545578606,0.6480783964266679,4.0,,,
KPI-05,Emisiones CO2 (mensual),12,2026-06,0.07718159792261206,tCO2e,OK,0.3937080394445642,0.6530906837556743,5.0,,,
KPI-05,Emisiones CO2 (mensual),15,2026-01,0.0,tCO2e,SIN_BASE,,,0.0,,,
KPI-05,Emisiones CO2 (mensual),15,2026-03,1.7587728853418094,tCO2e,SIN_BASE,,,1.0,,,
KPI-05,Emisiones CO2 (mensual),15,2026-04,1.7876151472246071,tCO2e,SIN_BASE,,,2.0,,,
KPI-05,Emisiones CO2 (mensual),15,2026-05,2.3467417538169553,tCO2e,SIN_BASE,,,3.0,,,
KPI-05,Emisiones CO2 (mensual),15,2026-06,0.4312900532797634,tCO2e,OK,1.3701526753341338,2.492072933090908,4.0,,,
KPI-05,Emisiones CO2 (mensual),17,2026-01,0.028383866095092886,tCO2e,SIN_BASE,,,0.0,,,
KPI-05,Emisiones CO2 (mensual),17,2026-02,0.45222599130145824,tCO2e,SIN_BASE,,,1.0,,,
KPI-05,Emisiones CO2 (mensual),17,2026-03,0.43695435598636684,tCO2e,SIN_BASE,,,2.0,,,
KPI-05,Emisiones CO2 (mensual),17,2026-04,0.375134299292585,tCO2e,SIN_BASE,,,3.0,,,
KPI-05,Emisiones CO2 (mensual),17,2026-05,0.5205350781283534,tCO2e,AVISO,0.3005524041970544,0.5225080854842712,4.0,,,
KPI-05,Emisiones CO2 (mensual),17,2026-06,0.07874450656298007,tCO2e,OK,0.33726144788951723,0.5565296721449288,5.0,,,
KPI-05,Emisiones CO2 (mensual),18,2026-01,0.07040014002741549,tCO2e,SIN_BASE,,,0.0,,,
KPI-05,Emisiones CO2 (mensual),18,2026-02,2.0649973486013957,tCO2e,SIN_BASE,,,1.0,,,
KPI-05,Emisiones CO2 (mensual),18,2026-03,2.146902183466823,tCO2e,SIN_BASE,,,2.0,,,
KPI-05,Emisiones CO2 (mensual),18,2026-04,2.0241841671871046,tCO2e,SIN_BASE,,,3.0,,,
KPI-05,Emisiones CO2 (mensual),18,2026-05,2.4004706501893103,tCO2e,AVISO,1.4662574926332368,2.5820638396384377,4.0,,,
KPI-05,Emisiones CO2 (mensual),18,2026-06,0.4293930712529711,tCO2e,OK,1.6194935350418012,2.686870776525499,5.0,,,
KPI-05,Emisiones CO2 (mensual),9.1,2026-01,0.08670308044506424,tCO2e,SIN_BASE,,,0.0,,,
KPI-05,Emisiones CO2 (mensual),9.1,2026-02,2.8593000885036064,tCO2e,SIN_BASE,,,1.0,,,
KPI-05,Emisiones CO2 (mensual),9.1,2026-03,2.656778117879612,tCO2e,SIN_BASE,,,2.0,,,
KPI-05,Emisiones CO2 (mensual),9.1,2026-04,2.297689243016665,tCO2e,SIN_BASE,,,3.0,,,
KPI-05,Emisiones CO2 (mensual),9.1,2026-05,2.374834159300376,tCO2e,AVISO,1.8368593981889503,3.2553001190826687,4.0,,,
KPI-05,Emisiones CO2 (mensual),9.1,2026-06,0.37064773384814287,tCO2e,OK,1.9112066721810301,3.178050278675559,5.0,,,
KPI-05,Emisiones CO2 (mensual),9.2,2026-01,0.05940555740073265,tCO2e,SIN_BASE,,,0.0,,,
KPI-05,Emisiones CO2 (mensual),9.2,2026-02,1.671162025272792,tCO2e,SIN_BASE,,,1.0,,,
KPI-05,Emisiones CO2 (mensual),9.2,2026-03,1.8288035646643377,tCO2e,SIN_BASE,,,2.0,,,
KPI-05,Emisiones CO2 (mensual),9.2,2026-04,1.5818455987405917,tCO2e,SIN_BASE,,,3.0,,,
KPI-05,Emisiones CO2 (mensual),9.2,2026-05,2.3088890038321277,tCO2e,ALERTA,1.1953328934632406,2.1089226466916644,4.0,,,
KPI-05,Emisiones CO2 (mensual),9.2,2026-06,0.3622986087580214,tCO2e,OK,1.385719669483368,2.3375503244644307,5.0,,,
KPI-05,Emisiones CO2 (mensual),Ecovilla,2026-01,0.0008999477742491034,tCO2e,SIN_BASE,,,0.0,,,
KPI-05,Emisiones CO2 (mensual),Ecovilla,2026-02,0.04451732116018666,tCO2e,SIN_BASE,,,1.0,,,
KPI-05,Emisiones CO2 (mensual),Ecovilla,2026-03,0.04634372424857782,tCO2e,SIN_BASE,,,2.0,,,
KPI-05,Emisiones CO2 (mensual),Ecovilla,2026-04,0.048677115046040796,tCO2e,SIN_BASE,,,3.0,,,
KPI-05,Emisiones CO2 (mensual),Ecovilla,2026-05,0.07101117210286258,tCO2e,ALERTA,0.03265186016325514,0.05797936552754575,4.0,,,
KPI-05,Emisiones CO2 (mensual),Ecovilla,2026-06,0.006425511036512175,tCO2e,OK,0.03932956614173655,0.06778608631986663,5.0,,,
KPI-06,"Performance Ratio FV (mensual, por planta)",FV_11C,2026-01,75.19485968431223,%,SIN_BASE,,,0.0,,,1.0
KPI-06,"Performance Ratio FV (mensual, por planta)",FV_11C,2026-02,75.56947249109585,%,SIN_BASE,,,1.0,,,24.0
KPI-06,"Performance Ratio FV (mensual, por planta)",FV_11C,2026-03,75.6219444809341,%,SIN_BASE,,,2.0,,,28.0
KPI-06,"Performance Ratio FV (mensual, por planta)",FV_11C,2026-04,78.10088937790857,%,SIN_BASE,,,3.0,,,23.0
KPI-06,"Performance Ratio FV (mensual, por planta)",FV_11C,2026-05,79.70268287145107,%,AVISO,81.45031691416209,74.78875808420776,4.0,,,30.0
KPI-06,"Performance Ratio FV (mensual, por planta)",FV_11C,2026-06,80.56597228743347,%,AVISO,82.2166276658202,74.86381422156627,5.0,,,28.0
KPI-06,"Performance Ratio FV (mensual, por planta)",FV_11C,2026-07,76.5819255428887,%,AVISO,82.88145477944248,75.12817378035805,6.0,,,25.0
KPI-06,"Performance Ratio FV (mensual, por planta)",FV_11C,2026-08,74.56963750186138,%,ALERTA,82.74734128679225,75.18025959065496,7.0,,,26.0
KPI-06,"Performance Ratio FV (mensual, por planta)",FV_11C,2026-09,75.2693696872341,%,AVISO,82.37761264181717,74.76783868188053,8.0,,,4.0
KPI-07,"Autosuficiencia solar (mensual, campus medido)",CAMPUS_MEDIDO,2026-02,3.180330337166165,%,SIN_BASE,,,0.0,,,
KPI-07,"Autosuficiencia solar (mensual, campus medido)",CAMPUS_MEDIDO,2026-03,3.0441029830156867,%,SIN_BASE,,,1.0,,,
KPI-07,"Autosuficiencia solar (mensual, campus medido)",CAMPUS_MEDIDO,2026-05,2.684211775890831,%,SIN_BASE,,,2.0,,,
KPI-08,Load Factor (mensual),3,2026-01,0.5604077562813993,adimensional,SIN_BASE,,,0.0,,,
KPI-08,Load Factor (mensual),3,2026-02,0.3700722183665803,adimensional,SIN_BASE,,,1.0,,,
KPI-08,Load Factor (mensual),3,2026-03,0.3138301689954267,adimensional,SIN_BASE,,,2.0,,,
KPI-08,Load Factor (mensual),3,2026-04,0.3761710906344082,adimensional,SIN_BASE,,,3.0,,,
KPI-08,Load Factor (mensual),3,2026-05,0.3144745167239171,adimensional,AVISO,0.4334787301693154,0.29785971181827775,4.0,,,
KPI-08,Load Factor (mensual),3,2026-06,0.4308160025872922,adimensional,OK,0.41408053071437056,0.2856404786316555,5.0,,,
KPI-08,Load Factor (mensual),4,2026-01,0.8099997344205044,adimensional,SIN_BASE,,,0.0,,,
KPI-08,Load Factor (mensual),4,2026-02,0.39957028092730207,adimensional,SIN_BASE,,,1.0,,,
KPI-08,Load Factor (mensual),4,2026-03,0.3540198514063165,adimensional,SIN_BASE,,,2.0,,,
KPI-08,Load Factor (mensual),4,2026-04,0.3954563658044153,adimensional,SIN_BASE,,,3.0,,,
KPI-08,Load Factor (mensual),4,2026-05,0.33625373681245124,adimensional,AVISO,0.524044867209409,0.27528060616398237,4.0,,,
KPI-08,Load Factor (mensual),4,2026-06,0.4735653417030487,adimensional,AVISO,0.49119419344539184,0.2610335074840935,5.0,,,
KPI-08,Load Factor (mensual),5,2026-01,0.7311103548488328,adimensional,SIN_BASE,,,0.0,,,
KPI-08,Load Factor (mensual),5,2026-02,0.37065172954080733,adimensional,SIN_BASE,,,1.0,,,
KPI-08,Load Factor (mensual),5,2026-03,0.3497439595585609,adimensional,SIN_BASE,,,2.0,,,
KPI-08,Load Factor (mensual),5,2026-04,0.3729850724073371,adimensional,SIN_BASE,,,3.0,,,
KPI-08,Load Factor (mensual),5,2026-05,0.3381652932777388,adimensional,AVISO,0.4880513736251065,0.27250016006632216,4.0,,,
KPI-08,Load Factor (mensual),5,2026-06,0.4387066300687747,adimensional,AVISO,0.4628084716615213,0.2649880237683333,5.0,,,
KPI-08,Load Factor (mensual),7,2026-01,0.8352360684545397,adimensional,SIN_BASE,,,0.0,,,
KPI-08,Load Factor (mensual),7,2026-02,0.6075050239652527,adimensional,SIN_BASE,,,1.0,,,
KPI-08,Load Factor (mensual),7,2026-03,0.6318134104841492,adimensional,SIN_BASE,,,2.0,,,
KPI-08,Load Factor (mensual),7,2026-04,0.5842038643709961,adimensional,SIN_BASE,,,3.0,,,
KPI-08,Load Factor (mensual),7,2026-05,0.5614015980012873,adimensional,AVISO,0.7112178632460459,0.5493423318954737,4.0,,,
KPI-08,Load Factor (mensual),7,2026-06,0.66262499672402,adimensional,AVISO,0.6891142325691121,0.5339755315810552,5.0,,,
KPI-08,Load Factor (mensual),8,2026-01,0.746120978948231,adimensional,SIN_BASE,,,0.0,,,
KPI-08,Load Factor (mensual),8,2026-02,0.3605181479348502,adimensional,SIN_BASE,,,1.0,,,
KPI-08,Load Factor (mensual),8,2026-03,0.3588280147091567,adimensional,SIN_BASE,,,2.0,,,
KPI-08,Load Factor (mensual),8,2026-04,0.37099499124075846,adimensional,SIN_BASE,,,3.0,,,
KPI-08,Load Factor (mensual),8,2026-05,0.36558159773610205,adimensional,AVISO,0.49125362053282656,0.26770290165840693,4.0,,,
KPI-08,Load Factor (mensual),8,2026-06,0.3906834869087141,adimensional,AVISO,0.47123735834178704,0.26944437539697036,5.0,,,
KPI-08,Load Factor (mensual),10,2026-01,0.35264970961488673,adimensional,SIN_BASE,,,0.0,,,
KPI-08,Load Factor (mensual),10,2026-02,0.3531076736433627,adimensional,SIN_BASE,,,1.0,,,
KPI-08,Load Factor (mensual),10,2026-03,0.2941404174889117,adimensional,SIN_BASE,,,2.0,,,
KPI-08,Load Factor (mensual),10,2026-04,0.3295572499946079,adimensional,SIN_BASE,,,3.0,,,
KPI-08,Load Factor (mensual),10,2026-05,0.3474908565010062,adimensional,AVISO,0.35562922607342323,0.30461050392092165,4.0,,,
KPI-08,Load Factor (mensual),10,2026-06,0.4808050508217956,adimensional,OK,0.35886642414995396,0.31042023428415094,5.0,,,
KPI-08,Load Factor (mensual),12,2026-01,0.5404773597622933,adimensional,SIN_BASE,,,0.0,,,
KPI-08,Load Factor (mensual),12,2026-02,0.40399941581321164,adimensional,SIN_BASE,,,1.0,,,
KPI-08,Load Factor (mensual),12,2026-03,0.4085776246886331,adimensional,SIN_BASE,,,2.0,,,
KPI-08,Load Factor (mensual),12,2026-04,0.41868386015330983,adimensional,SIN_BASE,,,3.0,,,
KPI-08,Load Factor (mensual),12,2026-05,0.34792064040803466,adimensional,ALERTA,0.4739399846616673,0.37761729152032336,4.0,,,
KPI-08,Load Factor (mensual),12,2026-06,0.4746893577048078,adimensional,OK,0.4536070047766533,0.353183714123833,5.0,,,
KPI-08,Load Factor (mensual),15,2026-01,1.0,adimensional,SIN_BASE,,,0.0,,,
KPI-08,Load Factor (mensual),15,2026-03,0.42926334597414023,adimensional,SIN_BASE,,,1.0,,,
KPI-08,Load Factor (mensual),15,2026-04,0.4417529595952604,adimensional,SIN_BASE,,,2.0,,,
KPI-08,Load Factor (mensual),15,2026-05,0.47780059304504185,adimensional,SIN_BASE,,,3.0,,,
KPI-08,Load Factor (mensual),15,2026-06,0.5419407592388306,adimensional,AVISO,0.6283085203793635,0.31123870843942386,4.0,,,
KPI-08,Load Factor (mensual),17,2026-01,0.6601066450206852,adimensional,SIN_BASE,,,0.0,,,
KPI-08,Load Factor (mensual),17,2026-02,0.4127959087614101,adimensional,SIN_BASE,,,1.0,,,
KPI-08,Load Factor (mensual),17,2026-03,0.4169596751491905,adimensional,SIN_BASE,,,2.0,,,
KPI-08,Load Factor (mensual),17,2026-04,0.3972055778635387,adimensional,SIN_BASE,,,3.0,,,
KPI-08,Load Factor (mensual),17,2026-05,0.44858716680870325,adimensional,AVISO,0.5047906383176156,0.34591961029294815,4.0,,,
KPI-08,Load Factor (mensual),17,2026-06,0.5523502916861903,adimensional,OK,0.499830164351155,0.357652113242667,5.0,,,
KPI-08,Load Factor (mensual),18,2026-01,0.428750133838869,adimensional,SIN_BASE,,,0.0,,,
KPI-08,Load Factor (mensual),18,2026-02,0.4406203330495742,adimensional,SIN_BASE,,,1.0,,,
KPI-08,Load Factor (mensual),18,2026-03,0.44439004835998874,adimensional,SIN_BASE,,,2.0,,,
KPI-08,Load Factor (mensual),18,2026-04,0.4643293355689064,adimensional,SIN_BASE,,,3.0,,,
KPI-08,Load Factor (mensual),18,2026-05,0.46803188790905653,adimensional,AVISO,0.47563903509363803,0.4297314438086797,4.0,,,
KPI-08,Load Factor (mensual),18,2026-06,0.558898055564186,adimensional,OK,0.4806700520874485,0.43265270646657644,5.0,,,
KPI-08,Load Factor (mensual),9.1,2026-01,0.6793618397839122,adimensional,SIN_BASE,,,0.0,,,
KPI-08,Load Factor (mensual),9.1,2026-02,0.5159817509940308,adimensional,SIN_BASE,,,1.0,,,
KPI-08,Load Factor (mensual),9.1,2026-03,0.48652033923662813,adimensional,SIN_BASE,,,2.0,,,
KPI-08,Load Factor (mensual),9.1,2026-04,0.4907571854673961,adimensional,SIN_BASE,,,3.0,,,
KPI-08,Load Factor (mensual),9.1,2026-05,0.44837711374143485,adimensional,ALERTA,0.5811761483914262,0.451424323657752,4.0,,,
KPI-08,Load Factor (mensual),9.1,2026-06,0.7477452668075909,adimensional,OK,0.5608936210538081,0.43415795425002307,5.0,,,
KPI-08,Load Factor (mensual),9.2,2026-01,0.5907931392379873,adimensional,SIN_BASE,,,0.0,,,
KPI-08,Load Factor (mensual),9.2,2026-02,0.30515269812277357,adimensional,SIN_BASE,,,1.0,,,
KPI-08,Load Factor (mensual),9.2,2026-03,0.3373846686727216,adimensional,SIN_BASE,,,2.0,,,
KPI-08,Load Factor (mensual),9.2,2026-04,0.2857134462701748,adimensional,SIN_BASE,,,3.0,,,
KPI-08,Load Factor (mensual),9.2,2026-05,0.24699432014784722,adimensional,AVISO,0.4063442572412283,0.2374682635960735,4.0,,,
KPI-08,Load Factor (mensual),9.2,2026-06,0.5039583150608915,adimensional,OK,0.377932190304622,0.21642018356380763,5.0,,,
KPI-08,Load Factor (mensual),Ecovilla,2026-01,0.638191221085227,adimensional,SIN_BASE,,,0.0,,,
KPI-08,Load Factor (mensual),Ecovilla,2026-02,0.14141590007101978,adimensional,SIN_BASE,,,1.0,,,
KPI-08,Load Factor (mensual),Ecovilla,2026-03,0.13026195422237813,adimensional,SIN_BASE,,,2.0,,,
KPI-08,Load Factor (mensual),Ecovilla,2026-04,0.17031908982038305,adimensional,SIN_BASE,,,3.0,,,
KPI-08,Load Factor (mensual),Ecovilla,2026-05,0.1714319312018325,adimensional,AVISO,0.2889503341907346,0.024037798601280386,4.0,,,
KPI-08,Load Factor (mensual),Ecovilla,2026-06,0.26454214425495876,adimensional,AVISO,0.26784670062977983,0.03275702130544858,5.0,,,
KPI-09,ICNO consumo no-op (mensual),3,2026-01,23.64,%,SIN_BASE,,,0.0,,,
KPI-09,ICNO consumo no-op (mensual),3,2026-02,15.98,%,SIN_BASE,,,1.0,,,
KPI-09,ICNO consumo no-op (mensual),3,2026-03,15.95,%,SIN_BASE,,,2.0,,,
KPI-09,ICNO consumo no-op (mensual),3,2026-04,16.38,%,SIN_BASE,,,3.0,,,
KPI-09,ICNO consumo no-op (mensual),3,2026-05,12.92,%,OK,16.728375,21.760927928731824,4.0,,,
KPI-09,ICNO consumo no-op (mensual),3,2026-06,30.9,%,ALERTA,15.78582,20.95080525044916,5.0,,,
KPI-09,ICNO consumo no-op (mensual),4,2026-01,31.36,%,SIN_BASE,,,0.0,,,
KPI-09,ICNO consumo no-op (mensual),4,2026-02,22.71,%,SIN_BASE,,,1.0,,,
KPI-09,ICNO consumo no-op (mensual),4,2026-03,22.69,%,SIN_BASE,,,2.0,,,
KPI-09,ICNO consumo no-op (mensual),4,2026-04,22.98,%,SIN_BASE,,,3.0,,,
KPI-09,ICNO consumo no-op (mensual),4,2026-05,21.29,%,OK,23.18955,29.220374351597926,4.0,,,
KPI-09,ICNO consumo no-op (mensual),4,2026-06,34.73,%,ALERTA,22.51158,28.259459016691792,5.0,,,
KPI-09,ICNO consumo no-op (mensual),5,2026-01,29.88,%,SIN_BASE,,,0.0,,,
KPI-09,ICNO consumo no-op (mensual),5,2026-02,18.7,%,SIN_BASE,,,1.0,,,
KPI-09,ICNO consumo no-op (mensual),5,2026-03,15.21,%,SIN_BASE,,,2.0,,,
KPI-09,ICNO consumo no-op (mensual),5,2026-04,22.45,%,SIN_BASE,,,3.0,,,
KPI-09,ICNO consumo no-op (mensual),5,2026-05,16.39,%,OK,20.0508,27.845342737936676,4.0,,,
KPI-09,ICNO consumo no-op (mensual),5,2026-06,32.88,%,ALERTA,19.08918,26.439960601830215,5.0,,,
KPI-09,ICNO consumo no-op (mensual),7,2026-01,33.03,%,SIN_BASE,,,0.0,,,
KPI-09,ICNO consumo no-op (mensual),7,2026-02,29.49,%,SIN_BASE,,,1.0,,,
KPI-09,ICNO consumo no-op (mensual),7,2026-03,29.7,%,SIN_BASE,,,2.0,,,
KPI-09,ICNO consumo no-op (mensual),7,2026-04,28.84,%,SIN_BASE,,,3.0,,,
KPI-09,ICNO consumo no-op (mensual),7,2026-05,27.1,%,OK,28.146449999999998,32.144334988765976,4.0,,,
KPI-09,ICNO consumo no-op (mensual),7,2026-06,41.39,%,ALERTA,27.557759999999995,31.78893532587326,5.0,,,
KPI-09,ICNO consumo no-op (mensual),8,2026-01,27.33,%,SIN_BASE,,,0.0,,,
KPI-09,ICNO consumo no-op (mensual),8,2026-02,22.77,%,SIN_BASE,,,1.0,,,
KPI-09,ICNO consumo no-op (mensual),8,2026-03,23.57,%,SIN_BASE,,,2.0,,,
KPI-09,ICNO consumo no-op (mensual),8,2026-04,23.26,%,SIN_BASE,,,3.0,,,
KPI-09,ICNO consumo no-op (mensual),8,2026-05,22.58,%,AVISO,22.536225,26.323598196323324,4.0,,,
KPI-09,ICNO consumo no-op (mensual),8,2026-06,37.04,%,ALERTA,22.228859999999997,25.857932002908072,5.0,,,
KPI-09,ICNO consumo no-op (mensual),10,2026-01,24.04,%,SIN_BASE,,,0.0,,,
KPI-09,ICNO consumo no-op (mensual),10,2026-02,21.9,%,SIN_BASE,,,1.0,,,
KPI-09,ICNO consumo no-op (mensual),10,2026-03,21.43,%,SIN_BASE,,,2.0,,,
KPI-09,ICNO consumo no-op (mensual),10,2026-04,22.49,%,SIN_BASE,,,3.0,,,
KPI-09,ICNO consumo no-op (mensual),10,2026-05,17.52,%,OK,20.89245,23.6010311028606,4.0,,,
KPI-09,ICNO consumo no-op (mensual),10,2026-06,32.66,%,ALERTA,19.972679999999997,23.896440042636875,5.0,,,
KPI-09,ICNO consumo no-op (mensual),12,2026-01,27.55,%,SIN_BASE,,,0.0,,,
KPI-09,ICNO consumo no-op (mensual),12,2026-02,16.41,%,SIN_BASE,,,1.0,,,
KPI-09,ICNO consumo no-op (mensual),12,2026-03,15.91,%,SIN_BASE,,,2.0,,,
KPI-09,ICNO consumo no-op (mensual),12,2026-04,14.82,%,SIN_BASE,,,3.0,,,
KPI-09,ICNO consumo no-op (mensual),12,2026-05,12.88,%,OK,17.365425,24.62794778613106,4.0,,,
KPI-09,ICNO consumo no-op (mensual),12,2026-06,30.6,%,ALERTA,16.288020000000003,23.285579506512928,5.0,,,
KPI-09,ICNO consumo no-op (mensual),15,2026-01,,%,SIN_BASE,,,0.0,,,
KPI-09,ICNO consumo no-op (mensual),15,2026-03,16.93,%,SIN_BASE,,,0.0,,,
KPI-09,ICNO consumo no-op (mensual),15,2026-04,16.94,%,SIN_BASE,,,1.0,,,
KPI-09,ICNO consumo no-op (mensual),15,2026-05,17.64,%,SIN_BASE,,,2.0,,,
KPI-09,ICNO consumo no-op (mensual),15,2026-06,31.88,%,SIN_BASE,,,3.0,,,
KPI-09,ICNO consumo no-op (mensual),17,2026-01,29.77,%,SIN_BASE,,,0.0,,,
KPI-09,ICNO consumo no-op (mensual),17,2026-02,23.92,%,SIN_BASE,,,1.0,,,
KPI-09,ICNO consumo no-op (mensual),17,2026-03,24.0,%,SIN_BASE,,,2.0,,,
KPI-09,ICNO consumo no-op (mensual),17,2026-04,24.46,%,SIN_BASE,,,3.0,,,
KPI-09,ICNO consumo no-op (mensual),17,2026-05,24.4,%,AVISO,23.749875,28.369182362130328,4.0,,,
KPI-09,ICNO consumo no-op (mensual),17,2026-06,38.37,%,ALERTA,23.538299999999996,27.814515921290976,5.0,,,
KPI-09,ICNO consumo no-op (mensual),18,2026-01,34.01,%,SIN_BASE,,,0.0,,,
KPI-09,ICNO consumo no-op (mensual),18,2026-02,25.49,%,SIN_BASE,,,1.0,,,
KPI-09,ICNO consumo no-op (mensual),18,2026-03,24.04,%,SIN_BASE,,,2.0,,,
KPI-09,ICNO consumo no-op (mensual),18,2026-04,24.47,%,SIN_BASE,,,3.0,,,
KPI-09,ICNO consumo no-op (mensual),18,2026-05,23.72,%,OK,25.112324999999995,31.713574718150838,4.0,,,
KPI-09,ICNO consumo no-op (mensual),18,2026-06,39.92,%,ALERTA,24.501779999999997,30.681969326459768,5.0,,,
KPI-09,ICNO consumo no-op (mensual),9.1,2026-01,30.77,%,SIN_BASE,,,0.0,,,
KPI-09,ICNO consumo no-op (mensual),9.1,2026-02,22.09,%,SIN_BASE,,,1.0,,,
KPI-09,ICNO consumo no-op (mensual),9.1,2026-03,21.92,%,SIN_BASE,,,2.0,,,
KPI-09,ICNO consumo no-op (mensual),9.1,2026-04,21.77,%,SIN_BASE,,,3.0,,,
KPI-09,ICNO consumo no-op (mensual),9.1,2026-05,20.82,%,OK,22.447874999999996,28.561098648159664,4.0,,,
KPI-09,ICNO consumo no-op (mensual),9.1,2026-06,38.81,%,ALERTA,21.83082,27.582202770068683,5.0,,,
KPI-09,ICNO consumo no-op (mensual),9.2,2026-01,24.91,%,SIN_BASE,,,0.0,,,
KPI-09,ICNO consumo no-op (mensual),9.2,2026-02,20.13,%,SIN_BASE,,,1.0,,,
KPI-09,ICNO consumo no-op (mensual),9.2,2026-03,18.57,%,SIN_BASE,,,2.0,,,
KPI-09,ICNO consumo no-op (mensual),9.2,2026-04,18.82,%,SIN_BASE,,,3.0,,,
KPI-09,ICNO consumo no-op (mensual),9.2,2026-05,14.95,%,OK,19.164975000000002,23.556289299582687,4.0,,,
KPI-09,ICNO consumo no-op (mensual),9.2,2026-06,41.64,%,ALERTA,18.112679999999997,23.07085465631088,5.0,,,
KPI-09,ICNO consumo no-op (mensual),Ecovilla,2026-01,34.49,%,SIN_BASE,,,0.0,,,
KPI-09,ICNO consumo no-op (mensual),Ecovilla,2026-02,24.41,%,SIN_BASE,,,1.0,,,
KPI-09,ICNO consumo no-op (mensual),Ecovilla,2026-03,19.3,%,SIN_BASE,,,2.0,,,
KPI-09,ICNO consumo no-op (mensual),Ecovilla,2026-04,15.5,%,SIN_BASE,,,3.0,,,
KPI-09,ICNO consumo no-op (mensual),Ecovilla,2026-05,12.56,%,OK,21.785249999999998,31.655546761910784,4.0,,,
KPI-09,ICNO consumo no-op (mensual),Ecovilla,2026-06,47.2,%,ALERTA,19.76436,29.878474946349762,5.0,,,
KPI-10,Desbalance tension media (mensual),3,2026-01,0.34900105553047744,%,OK,,,,,,
KPI-10,Desbalance tension media (mensual),3,2026-02,0.3543312271105182,%,OK,,,,,,
KPI-10,Desbalance tension media (mensual),3,2026-03,0.39313040264861054,%,OK,,,,,,
KPI-10,Desbalance tension media (mensual),3,2026-04,0.3645116944991893,%,OK,,,,,,
KPI-10,Desbalance tension media (mensual),3,2026-05,0.3462744557736034,%,OK,,,,,,
KPI-10,Desbalance tension media (mensual),3,2026-06,0.41554302573858304,%,OK,,,,,,
KPI-10,Desbalance tension media (mensual),4,2026-01,0.49652543144576944,%,OK,,,,,,
KPI-10,Desbalance tension media (mensual),4,2026-02,0.44730120128372136,%,OK,,,,,,
KPI-10,Desbalance tension media (mensual),4,2026-03,0.46306934472738503,%,OK,,,,,,
KPI-10,Desbalance tension media (mensual),4,2026-04,0.47684846698033184,%,OK,,,,,,
KPI-10,Desbalance tension media (mensual),4,2026-05,0.3855981725558775,%,OK,,,,,,
KPI-10,Desbalance tension media (mensual),4,2026-06,0.4337098151683097,%,OK,,,,,,
KPI-10,Desbalance tension media (mensual),5,2026-01,0.40131247099969675,%,OK,,,,,,
KPI-10,Desbalance tension media (mensual),5,2026-02,0.42967911768764266,%,OK,,,,,,
KPI-10,Desbalance tension media (mensual),5,2026-03,0.440697977691275,%,OK,,,,,,
KPI-10,Desbalance tension media (mensual),5,2026-04,0.46083525778771667,%,OK,,,,,,
KPI-10,Desbalance tension media (mensual),5,2026-05,0.4362037915678624,%,OK,,,,,,
KPI-10,Desbalance tension media (mensual),5,2026-06,0.49308629094556405,%,OK,,,,,,
KPI-10,Desbalance tension media (mensual),7,2026-01,0.3363429507718566,%,OK,,,,,,
KPI-10,Desbalance tension media (mensual),7,2026-02,0.29404746003146237,%,OK,,,,,,
KPI-10,Desbalance tension media (mensual),7,2026-03,0.29061600266745286,%,OK,,,,,,
KPI-10,Desbalance tension media (mensual),7,2026-04,0.2476247166393412,%,OK,,,,,,
KPI-10,Desbalance tension media (mensual),7,2026-05,0.25188524190743783,%,OK,,,,,,
KPI-10,Desbalance tension media (mensual),7,2026-06,0.27275781202821336,%,OK,,,,,,
KPI-10,Desbalance tension media (mensual),8,2026-01,0.3561112990754842,%,OK,,,,,,
KPI-10,Desbalance tension media (mensual),8,2026-02,0.3329667398253573,%,OK,,,,,,
KPI-10,Desbalance tension media (mensual),8,2026-03,0.3439325439625246,%,OK,,,,,,
KPI-10,Desbalance tension media (mensual),8,2026-04,0.32863586992738425,%,OK,,,,,,
KPI-10,Desbalance tension media (mensual),8,2026-05,0.3030435920605431,%,OK,,,,,,
KPI-10,Desbalance tension media (mensual),8,2026-06,0.37427476501545925,%,OK,,,,,,
KPI-10,Desbalance tension media (mensual),10,2026-01,0.49176043506042555,%,OK,,,,,,
KPI-10,Desbalance tension media (mensual),10,2026-02,0.5936912665548053,%,OK,,,,,,
KPI-10,Desbalance tension media (mensual),10,2026-03,0.7135966784683581,%,OK,,,,,,
KPI-10,Desbalance tension media (mensual),10,2026-04,1.0155376893935033,%,OK,,,,,,
KPI-10,Desbalance tension media (mensual),10,2026-05,1.01202760413489,%,OK,,,,,,
KPI-10,Desbalance tension media (mensual),10,2026-06,1.0498876756990634,%,OK,,,,,,
KPI-10,Desbalance tension media (mensual),12,2026-01,0.3876807935237945,%,OK,,,,,,
KPI-10,Desbalance tension media (mensual),12,2026-02,0.31566975617432497,%,OK,,,,,,
KPI-10,Desbalance tension media (mensual),12,2026-03,0.3235100484348348,%,OK,,,,,,
KPI-10,Desbalance tension media (mensual),12,2026-04,0.32499753415680593,%,OK,,,,,,
KPI-10,Desbalance tension media (mensual),12,2026-05,0.2875979364236657,%,OK,,,,,,
KPI-10,Desbalance tension media (mensual),12,2026-06,0.35151418713878385,%,OK,,,,,,
KPI-10,Desbalance tension media (mensual),15,2026-01,0.2599512591389174,%,OK,,,,,,
KPI-10,Desbalance tension media (mensual),15,2026-03,0.34155398892012395,%,OK,,,,,,
KPI-10,Desbalance tension media (mensual),15,2026-04,0.3035363142170734,%,OK,,,,,,
KPI-10,Desbalance tension media (mensual),15,2026-05,0.31811891658867947,%,OK,,,,,,
KPI-10,Desbalance tension media (mensual),15,2026-06,0.3740171018551245,%,OK,,,,,,
KPI-10,Desbalance tension media (mensual),17,2026-01,0.5867938231789942,%,OK,,,,,,
KPI-10,Desbalance tension media (mensual),17,2026-02,0.45716117864790323,%,OK,,,,,,
KPI-10,Desbalance tension media (mensual),17,2026-03,0.4902024481387302,%,OK,,,,,,
KPI-10,Desbalance tension media (mensual),17,2026-04,0.4592577287071256,%,OK,,,,,,
KPI-10,Desbalance tension media (mensual),17,2026-05,0.43437540354559456,%,OK,,,,,,
KPI-10,Desbalance tension media (mensual),17,2026-06,0.48099429274828087,%,OK,,,,,,
KPI-10,Desbalance tension media (mensual),18,2026-01,0.31263446325013966,%,OK,,,,,,
KPI-10,Desbalance tension media (mensual),18,2026-02,0.2979750018291685,%,OK,,,,,,
KPI-10,Desbalance tension media (mensual),18,2026-03,0.3272628452897769,%,OK,,,,,,
KPI-10,Desbalance tension media (mensual),18,2026-04,0.3049986093818243,%,OK,,,,,,
KPI-10,Desbalance tension media (mensual),18,2026-05,0.2983428658448478,%,OK,,,,,,
KPI-10,Desbalance tension media (mensual),18,2026-06,0.37248698813074954,%,OK,,,,,,
KPI-10,Desbalance tension media (mensual),9.1,2026-01,0.3163848958684198,%,OK,,,,,,
KPI-10,Desbalance tension media (mensual),9.1,2026-02,0.327340920339882,%,OK,,,,,,
KPI-10,Desbalance tension media (mensual),9.1,2026-03,0.37892138937397907,%,OK,,,,,,
KPI-10,Desbalance tension media (mensual),9.1,2026-04,0.35532255563161164,%,OK,,,,,,
KPI-10,Desbalance tension media (mensual),9.1,2026-05,0.3567689347934332,%,OK,,,,,,
KPI-10,Desbalance tension media (mensual),9.1,2026-06,0.43096372058802623,%,OK,,,,,,
KPI-10,Desbalance tension media (mensual),9.2,2026-01,0.3432236923608764,%,OK,,,,,,
KPI-10,Desbalance tension media (mensual),9.2,2026-02,0.3230917939164089,%,OK,,,,,,
KPI-10,Desbalance tension media (mensual),9.2,2026-03,0.349132332221577,%,OK,,,,,,
KPI-10,Desbalance tension media (mensual),9.2,2026-04,0.3229025922175096,%,OK,,,,,,
KPI-10,Desbalance tension media (mensual),9.2,2026-05,0.32729006241299946,%,OK,,,,,,
KPI-10,Desbalance tension media (mensual),9.2,2026-06,0.40397599728280603,%,OK,,,,,,
KPI-10,Desbalance tension media (mensual),Ecovilla,2026-01,11.456660696713998,%,ALERTA,,,,,,
KPI-10,Desbalance tension media (mensual),Ecovilla,2026-02,11.311568636330254,%,ALERTA,,,,,,
KPI-10,Desbalance tension media (mensual),Ecovilla,2026-03,11.271498407919472,%,ALERTA,,,,,,
KPI-10,Desbalance tension media (mensual),Ecovilla,2026-04,11.352480542764088,%,ALERTA,,,,,,
KPI-10,Desbalance tension media (mensual),Ecovilla,2026-05,11.276463079763614,%,ALERTA,,,,,,
KPI-10,Desbalance tension media (mensual),Ecovilla,2026-06,11.453905321671328,%,ALERTA,,,,,,
KPI-11,Factor potencia min (mensual),3,2026-01,0.9444,adimensional,OK,,,,,,
KPI-11,Factor potencia min (mensual),3,2026-02,0.9392,adimensional,OK,,,,,,
KPI-11,Factor potencia min (mensual),3,2026-03,0.8996638655462185,adimensional,AVISO,,,,,,
KPI-11,Factor potencia min (mensual),3,2026-04,0.9502752293577982,adimensional,OK,,,,,,
KPI-11,Factor potencia min (mensual),3,2026-05,0.8990677966101696,adimensional,AVISO,,,,,,
KPI-11,Factor potencia min (mensual),3,2026-06,0.9593220338983052,adimensional,OK,,,,,,
KPI-11,Factor potencia min (mensual),4,2026-01,0.91,adimensional,OK,,,,,,
KPI-11,Factor potencia min (mensual),4,2026-02,0.8852,adimensional,AVISO,,,,,,
KPI-11,Factor potencia min (mensual),4,2026-03,0.8770833333333333,adimensional,AVISO,,,,,,
KPI-11,Factor potencia min (mensual),4,2026-04,0.8453389830508474,adimensional,ALERTA,,,,,,
KPI-11,Factor potencia min (mensual),4,2026-05,0.8066949152542373,adimensional,ALERTA,,,,,,
KPI-11,Factor potencia min (mensual),4,2026-06,0.9041121495327104,adimensional,OK,,,,,,
KPI-11,Factor potencia min (mensual),5,2026-01,0.974,adimensional,OK,,,,,,
KPI-11,Factor potencia min (mensual),5,2026-02,0.9436,adimensional,OK,,,,,,
KPI-11,Factor potencia min (mensual),5,2026-03,0.9326271186440678,adimensional,OK,,,,,,
KPI-11,Factor potencia min (mensual),5,2026-04,0.9417796610169492,adimensional,OK,,,,,,
KPI-11,Factor potencia min (mensual),5,2026-05,0.93,adimensional,OK,,,,,,
KPI-11,Factor potencia min (mensual),5,2026-06,0.94781512605042,adimensional,OK,,,,,,
KPI-11,Factor potencia min (mensual),7,2026-01,0.8184,adimensional,ALERTA,,,,,,
KPI-11,Factor potencia min (mensual),7,2026-02,0.7748,adimensional,ALERTA,,,,,,
KPI-11,Factor potencia min (mensual),7,2026-03,0.701864406779661,adimensional,ALERTA,,,,,,
KPI-11,Factor potencia min (mensual),7,2026-04,0.7587394957983193,adimensional,ALERTA,,,,,,
KPI-11,Factor potencia min (mensual),7,2026-05,0.7590677966101695,adimensional,ALERTA,,,,,,
KPI-11,Factor potencia min (mensual),7,2026-06,0.7991071428571429,adimensional,ALERTA,,,,,,
KPI-11,Factor potencia min (mensual),8,2026-01,0.0953846153846153,adimensional,ALERTA,,,,,,
KPI-11,Factor potencia min (mensual),8,2026-02,-0.7358333333333333,adimensional,ALERTA,,,,,,
KPI-11,Factor potencia min (mensual),8,2026-03,-0.740593220338983,adimensional,ALERTA,,,,,,
KPI-11,Factor potencia min (mensual),8,2026-04,-0.7216101694915253,adimensional,ALERTA,,,,,,
KPI-11,Factor potencia min (mensual),8,2026-05,-0.7171186440677967,adimensional,ALERTA,,,,,,
KPI-11,Factor potencia min (mensual),8,2026-06,0.3521848739495798,adimensional,ALERTA,,,,,,
KPI-11,Factor potencia min (mensual),10,2026-01,0.8892,adimensional,AVISO,,,,,,
KPI-11,Factor potencia min (mensual),10,2026-02,0.7796000000000001,adimensional,ALERTA,,,,,,
KPI-11,Factor potencia min (mensual),10,2026-03,-0.0404237288135593,adimensional,ALERTA,,,,,,
KPI-11,Factor potencia min (mensual),10,2026-04,0.6085593220338983,adimensional,ALERTA,,,,,,
KPI-11,Factor potencia min (mensual),10,2026-05,0.608813559322034,adimensional,ALERTA,,,,,,
KPI-11,Factor potencia min (mensual),10,2026-06,0.8454621848739495,adimensional,ALERTA,,,,,,
KPI-11,Factor potencia min (mensual),12,2026-01,0.4908333333333333,adimensional,ALERTA,,,,,,
KPI-11,Factor potencia min (mensual),12,2026-02,0.4143478260869564,adimensional,ALERTA,,,,,,
KPI-11,Factor potencia min (mensual),12,2026-03,0.358157894736842,adimensional,ALERTA,,,,,,
KPI-11,Factor potencia min (mensual),12,2026-04,0.3757627118644067,adimensional,ALERTA,,,,,,
KPI-11,Factor potencia min (mensual),12,2026-05,0.3786440677966101,adimensional,ALERTA,,,,,,
KPI-11,Factor potencia min (mensual),12,2026-06,0.405242718446602,adimensional,ALERTA,,,,,,
KPI-11,Factor potencia min (mensual),15,2026-01,0.99,adimensional,OK,,,,,,
KPI-11,Factor potencia min (mensual),15,2026-03,0.9593220338983052,adimensional,OK,,,,,,
KPI-11,Factor potencia min (mensual),15,2026-04,0.9647457627118644,adimensional,OK,,,,,,
KPI-11,Factor potencia min (mensual),15,2026-05,0.9601694915254236,adimensional,OK,,,,,,
KPI-11,Factor potencia min (mensual),15,2026-06,0.9798230088495576,adimensional,OK,,,,,,
KPI-11,Factor potencia min (mensual),17,2026-01,0.9524,adimensional,OK,,,,,,
KPI-11,Factor potencia min (mensual),17,2026-02,0.7279166666666667,adimensional,ALERTA,,,,,,
KPI-11,Factor potencia min (mensual),17,2026-03,0.7220353982300886,adimensional,ALERTA,,,,,,
KPI-11,Factor potencia min (mensual),17,2026-04,0.7435714285714285,adimensional,ALERTA,,,,,,
KPI-11,Factor potencia min (mensual),17,2026-05,0.7205882352941176,adimensional,ALERTA,,,,,,
KPI-11,Factor potencia min (mensual),17,2026-06,0.7607017543859649,adimensional,ALERTA,,,,,,
KPI-11,Factor potencia min (mensual),18,2026-01,0.9188,adimensional,OK,,,,,,
KPI-11,Factor potencia min (mensual),18,2026-02,0.8056,adimensional,ALERTA,,,,,,
KPI-11,Factor potencia min (mensual),18,2026-03,0.9084745762711864,adimensional,OK,,,,,,
KPI-11,Factor potencia min (mensual),18,2026-04,0.8610924369747899,adimensional,AVISO,,,,,,
KPI-11,Factor potencia min (mensual),18,2026-05,0.9157983193277311,adimensional,OK,,,,,,
KPI-11,Factor potencia min (mensual),18,2026-06,0.963529411764706,adimensional,OK,,,,,,
KPI-11,Factor potencia min (mensual),9.1,2026-01,0.9772,adimensional,OK,,,,,,
KPI-11,Factor potencia min (mensual),9.1,2026-02,0.9583333333333334,adimensional,OK,,,,,,
KPI-11,Factor potencia min (mensual),9.1,2026-03,0.9575,adimensional,OK,,,,,,
KPI-11,Factor potencia min (mensual),9.1,2026-04,0.9611764705882352,adimensional,OK,,,,,,
KPI-11,Factor potencia min (mensual),9.1,2026-05,0.9383193277310924,adimensional,OK,,,,,,
KPI-11,Factor potencia min (mensual),9.1,2026-06,0.966990291262136,adimensional,OK,,,,,,
KPI-11,Factor potencia min (mensual),9.2,2026-01,0.9376,adimensional,OK,,,,,,
KPI-11,Factor potencia min (mensual),9.2,2026-02,0.9244,adimensional,OK,,,,,,
KPI-11,Factor potencia min (mensual),9.2,2026-03,0.9263302752293576,adimensional,OK,,,,,,
KPI-11,Factor potencia min (mensual),9.2,2026-04,0.9366666666666666,adimensional,OK,,,,,,
KPI-11,Factor potencia min (mensual),9.2,2026-05,0.89,adimensional,AVISO,,,,,,
KPI-11,Factor potencia min (mensual),9.2,2026-06,0.9384745762711864,adimensional,OK,,,,,,
KPI-11,Factor potencia min (mensual),Ecovilla,2026-01,0.794,adimensional,ALERTA,,,,,,
KPI-11,Factor potencia min (mensual),Ecovilla,2026-02,0.71125,adimensional,ALERTA,,,,,,
KPI-11,Factor potencia min (mensual),Ecovilla,2026-03,0.6938655462184873,adimensional,ALERTA,,,,,,
KPI-11,Factor potencia min (mensual),Ecovilla,2026-04,0.6553846153846153,adimensional,ALERTA,,,,,,
KPI-11,Factor potencia min (mensual),Ecovilla,2026-05,0.6943697478991596,adimensional,ALERTA,,,,,,
KPI-11,Factor potencia min (mensual),Ecovilla,2026-06,0.7264347826086955,adimensional,ALERTA,,,,,,
